State,Date,Daily Actual,Daily Normal,Daily Departure Per,Daily Category,Week Date,Weekly Actual,"Weekly 
Normal",Weekly Departure Per,Weekly Category,Cumulative Date,"Cumulative 
Actual",Cumulative Normal,Cumulative Departue Per,Cumulative Category,Monthly Date,Monthly Acutual,Monthly Normal,Monthly Departure Per,Monthly Category
ANDAMAN & NICOBAR (UT),2026-08-19,4.1,12.9,-68%,LD,13-08-2026 To 19-08-2026,41.5,77.3,-46%,D,01-06-2026 To 19-08-2026,1062.7,1038.7,2%,"N","From 01-08-2026 To 19-08-2026",238.1,234.1,2%,"N"
ANDAMAN & NICOBAR (UT),2026-08-20,23.5,11.9,97%,LE,13-08-2026 To 19-08-2026,41.5,77.3,-46%,D,01-06-2026 To 20-08-2026,1086.2,1050.6,3%,"N","From 01-08-2026 To 20-08-2026",261.6,246,6%,"N"
ANDAMAN & NICOBAR (UT),2026-08-21,30.7,12.4,148%,LE,13-08-2026 To 19-08-2026,41.5,77.3,-46%,D,01-06-2026 To 21-08-2026,1116.9,1063,5%,"N","From 01-08-2026 To 21-08-2026",292.3,258.4,13%,"N"
ANDAMAN & NICOBAR (UT),2026-08-22,46.8,11.6,303%,LE,13-08-2026 To 19-08-2026,41.5,77.3,-46%,D,01-06-2026 To 22-08-2026,1163.7,1074.6,8%,"N","From 01-08-2026 To 22-08-2026",339.1,270,26%,"E"
ANDAMAN & NICOBAR (UT),2026-08-23,9.8,15.1,-35%,D,13-08-2026 To 19-08-2026,41.5,77.3,-46%,D,01-06-2026 To 23-08-2026,1173.5,1089.7,8%,"N","From 01-08-2026 To 23-08-2026",348.9,285.1,22%,"E"
ANDAMAN & NICOBAR (UT),2026-08-24,9.2,12.7,-28%,D,13-08-2026 To 19-08-2026,41.5,77.3,-46%,D,01-06-2026 To 24-08-2026,1182.6,1102.4,7%,"N","From 01-08-2026 To 24-08-2026",358,297.8,20%,"E"
ANDAMAN & NICOBAR (UT),2026-08-25,7.5,12.3,-39%,D,13-08-2026 To 19-08-2026,41.5,77.3,-46%,D,01-06-2026 To 25-08-2026,1190.2,1114.7,7%,"N","From 01-08-2026 To 25-08-2026",365.6,310.1,18%,"N"
ANDAMAN & NICOBAR (UT),2026-08-26,10.3,15.7,-35%,D,20-08-2026 To 26-08-2026,137.7,91.7,50%,E,01-06-2026 To 26-08-2026,1200.4,1130.4,6%,"N","From 01-08-2026 To 26-08-2026",375.8,325.8,15%,"N"
ANDAMAN & NICOBAR (UT),2026-08-27,29.4,16.9,74%,LE,20-08-2026 To 26-08-2026,137.7,91.7,50%,E,01-06-2026 To 27-08-2026,1229.9,1147.3,7%,"N","From 01-08-2026 To 27-08-2026",405.3,342.7,18%,"N"
ANDAMAN & NICOBAR (UT),2026-08-28,15,15,0%,N,20-08-2026 To 26-08-2026,137.7,91.7,50%,E,01-06-2026 To 28-08-2026,1244.9,1162.3,7%,"N","From 01-08-2026 To 28-08-2026",420.3,357.7,17%,"N"
ANDAMAN & NICOBAR (UT),2026-08-29,6.8,12.4,-45%,D,20-08-2026 To 26-08-2026,137.7,91.7,50%,E,01-06-2026 To 29-08-2026,1251.7,1174.7,7%,"N","From 01-08-2026 To 29-08-2026",427.1,370.1,15%,"N"
ANDAMAN & NICOBAR (UT),2026-08-30,6.2,13.1,-53%,D,20-08-2026 To 26-08-2026,137.7,91.7,50%,E,01-06-2026 To 30-08-2026,1257.8,1187.8,6%,"N","From 01-08-2026 To 30-08-2026",433.2,383.2,13%,"N"
ANDAMAN & NICOBAR (UT),2026-08-31,2.6,14.4,-82%,LD,20-08-2026 To 26-08-2026,137.7,91.7,50%,E,01-06-2026 To 31-08-2026,1260.4,1202.2,5%,"N","From 01-08-2026 To 31-08-2026",435.8,397.6,10%,"N"
ANDAMAN & NICOBAR (UT),2026-09-01,1.5,14.3,-90%,LD,20-08-2026 To 26-08-2026,137.7,91.7,50%,E,01-06-2026 To 01-09-2026,1261.9,1216.5,4%,"N","From 01-08-2026 To 31-08-2026",435.8,397.6,10%,"N"
ANDAMAN & NICOBAR (UT),2026-09-02,2.7,13,-80%,LD,27-08-2026 To 02-09-2026,64.1,99.1,-35%,D,01-06-2026 To 02-09-2026,1264.6,1229.5,3%,"N","From 01-09-2026 To 02-09-2026",4.1,27.3,-85%,LD
ANDAMAN & NICOBAR (UT),2026-09-03,1.2,13,-91%,LD,27-08-2026 To 02-09-2026,64.1,99.1,-35%,D,01-06-2026 To 03-09-2026,1265.7,1242.5,2%,"N","From 01-09-2026 To 03-09-2026",5.3,40.3,-87%,LD
ANDAMAN & NICOBAR (UT),2026-09-04,1.5,14.2,-89%,LD,27-08-2026 To 02-09-2026,64.1,99.1,-35%,D,01-06-2026 To 04-09-2026,1267.3,1256.7,1%,"N","From 01-09-2026 To 04-09-2026",6.8,54.5,-87%,LD
ANDAMAN & NICOBAR (UT),2026-09-05,8.1,13.1,-38%,D,27-08-2026 To 02-09-2026,64.1,99.1,-35%,D,01-06-2026 To 05-09-2026,1275.4,1269.8,0%,"N","From 01-09-2026 To 05-09-2026",14.9,67.6,-78%,LD
ANDAMAN & NICOBAR (UT),2026-09-06,21.7,12.5,74%,LE,27-08-2026 To 02-09-2026,64.1,99.1,-35%,D,01-06-2026 To 06-09-2026,1297.1,1282.3,1%,"N","From 01-09-2026 To 06-09-2026",36.7,80.1,-54%,"D"
ANDAMAN & NICOBAR (UT),2026-09-07,28,16.5,69%,LE,27-08-2026 To 02-09-2026,64.1,99.1,-35%,D,01-06-2026 To 07-09-2026,1325.1,1298.8,2%,"N","From 01-09-2026 To 07-09-2026",64.6,96.6,-33%,"D"
ANDAMAN & NICOBAR (UT),2026-09-08,59.1,14.1,319%,LE,27-08-2026 To 02-09-2026,64.1,99.1,-35%,D,01-06-2026 To 08-09-2026,1384.2,1312.9,5%,"N","From 01-09-2026 To 08-09-2026",123.8,110.7,12%,"N"
ANDAMAN & NICOBAR (UT),2026-09-09,41,15.9,158%,LE,03-09-2026 To 09-09-2026,160.7,99.3,62%,LE,01-06-2026 To 09-09-2026,1425.2,1328.8,7%,"N","From 01-09-2026 To 09-09-2026",164.8,126.6,30%,"E"
ANDAMAN & NICOBAR (UT),2026-09-10,21.8,12.7,72%,LE,03-09-2026 To 09-09-2026,160.7,99.3,62%,LE,01-06-2026 To 10-09-2026,1447,1341.5,8%,"N","From 01-09-2026 To 10-09-2026",186.6,139.3,34%,"E"
ANDAMAN & NICOBAR (UT),2026-09-11,20.1,11.3,78%,LE,03-09-2026 To 09-09-2026,160.7,99.3,62%,LE,01-06-2026 To 11-09-2026,1467.1,1352.8,8%,"N","From 01-09-2026 To 11-09-2026",206.7,150.6,37%,"E"
ANDAMAN & NICOBAR (UT),2026-09-12,9.3,12.8,-28%,D,03-09-2026 To 09-09-2026,160.7,99.3,62%,LE,01-06-2026 To 12-09-2026,1476.4,1365.6,8%,"N","From 01-09-2026 To 12-09-2026",215.9,163.4,32%,"E"
ANDHRA PRADESH,2026-08-19,1.7,3.9,-56%,D,13-08-2026 To 19-08-2026,9.8,31.4,-69%,LD,01-06-2026 To 19-08-2026,192.3,311.2,-38%,"D","From 01-08-2026 To 19-08-2026",46.4,86,-46%,"D"
ANDHRA PRADESH,2026-08-20,1,4.8,-79%,LD,13-08-2026 To 19-08-2026,9.8,31.4,-69%,LD,01-06-2026 To 20-08-2026,193.4,316,-39%,"D","From 01-08-2026 To 20-08-2026",47.4,90.8,-48%,"D"
ANDHRA PRADESH,2026-08-21,0.9,4.9,-81%,LD,13-08-2026 To 19-08-2026,9.8,31.4,-69%,LD,01-06-2026 To 21-08-2026,194.3,320.9,-39%,"D","From 01-08-2026 To 21-08-2026",48.4,95.7,-49%,"D"
ANDHRA PRADESH,2026-08-22,0.9,5.8,-84%,LD,13-08-2026 To 19-08-2026,9.8,31.4,-69%,LD,01-06-2026 To 22-08-2026,195.2,326.7,-40%,"D","From 01-08-2026 To 22-08-2026",49.3,101.5,-51%,"D"
ANDHRA PRADESH,2026-08-23,6.3,5,26%,E,13-08-2026 To 19-08-2026,9.8,31.4,-69%,LD,01-06-2026 To 23-08-2026,201.5,331.7,-39%,"D","From 01-08-2026 To 23-08-2026",55.6,106.5,-48%,"D"
ANDHRA PRADESH,2026-08-24,5.2,5.2,0%,N,13-08-2026 To 19-08-2026,9.8,31.4,-69%,LD,01-06-2026 To 24-08-2026,206.7,336.9,-39%,"D","From 01-08-2026 To 24-08-2026",60.8,111.7,-46%,"D"
ANDHRA PRADESH,2026-08-25,4,4.6,-12%,N,13-08-2026 To 19-08-2026,9.8,31.4,-69%,LD,01-06-2026 To 25-08-2026,210.7,341.5,-38%,"D","From 01-08-2026 To 25-08-2026",64.8,116.3,-44%,"D"
ANDHRA PRADESH,2026-08-26,0.9,5.2,-83%,LD,20-08-2026 To 26-08-2026,19.3,35.5,-46%,D,01-06-2026 To 26-08-2026,211.6,346.7,-39%,"D","From 01-08-2026 To 26-08-2026",65.7,121.5,-46%,"D"
ANDHRA PRADESH,2026-08-27,1,5.4,-81%,LD,20-08-2026 To 26-08-2026,19.3,35.5,-46%,D,01-06-2026 To 27-08-2026,212.6,352.1,-40%,"D","From 01-08-2026 To 27-08-2026",66.7,126.9,-47%,"D"
ANDHRA PRADESH,2026-08-28,0.3,3.9,-92%,LD,20-08-2026 To 26-08-2026,19.3,35.5,-46%,D,01-06-2026 To 28-08-2026,212.9,356,-40%,"D","From 01-08-2026 To 28-08-2026",67,130.8,-49%,"D"
ANDHRA PRADESH,2026-08-29,0.3,4.3,-92%,LD,20-08-2026 To 26-08-2026,19.3,35.5,-46%,D,01-06-2026 To 29-08-2026,213.3,360.3,-41%,"D","From 01-08-2026 To 29-08-2026",67.4,135.1,-50%,"D"
ANDHRA PRADESH,2026-08-30,0.6,4.6,-88%,LD,20-08-2026 To 26-08-2026,19.3,35.5,-46%,D,01-06-2026 To 30-08-2026,213.8,364.9,-41%,"D","From 01-08-2026 To 30-08-2026",67.9,139.7,-51%,"D"
ANDHRA PRADESH,2026-08-31,1,4.6,-79%,LD,20-08-2026 To 26-08-2026,19.3,35.5,-46%,D,01-06-2026 To 31-08-2026,214.8,369.5,-42%,"D","From 01-08-2026 To 31-08-2026",68.9,144.3,-52%,"D"
ANDHRA PRADESH,2026-09-01,0.2,4.1,-96%,LD,20-08-2026 To 26-08-2026,19.3,35.5,-46%,D,01-06-2026 To 01-09-2026,215,373.6,-42%,"D","From 01-08-2026 To 31-08-2026",68.9,144.3,-52%,"D"
ANDHRA PRADESH,2026-09-02,0.4,5,-92%,LD,27-08-2026 To 02-09-2026,3.7,31.9,-88%,LD,01-06-2026 To 02-09-2026,215.4,378.6,-43%,"D","From 01-09-2026 To 02-09-2026",0.6,9.1,-94%,LD
ANDHRA PRADESH,2026-09-03,1.2,4.6,-74%,LD,27-08-2026 To 02-09-2026,3.7,31.9,-88%,LD,01-06-2026 To 03-09-2026,216.6,383.2,-43%,"D","From 01-09-2026 To 03-09-2026",1.8,13.7,-87%,LD
ANDHRA PRADESH,2026-09-04,1.6,4.9,-68%,LD,27-08-2026 To 02-09-2026,3.7,31.9,-88%,LD,01-06-2026 To 04-09-2026,218.1,388.1,-44%,"D","From 01-09-2026 To 04-09-2026",3.3,18.6,-82%,LD
ANDHRA PRADESH,2026-09-05,0.7,4.4,-84%,LD,27-08-2026 To 02-09-2026,3.7,31.9,-88%,LD,01-06-2026 To 05-09-2026,218.8,392.5,-44%,"D","From 01-09-2026 To 05-09-2026",4,23,-82%,LD
ANDHRA PRADESH,2026-09-06,1.1,3.9,-71%,LD,27-08-2026 To 02-09-2026,3.7,31.9,-88%,LD,01-06-2026 To 06-09-2026,220,396.4,-45%,"D","From 01-09-2026 To 06-09-2026",5.2,26.9,-81%,LD
ANDHRA PRADESH,2026-09-07,2.4,4.5,-47%,D,27-08-2026 To 02-09-2026,3.7,31.9,-88%,LD,01-06-2026 To 07-09-2026,222.4,400.9,-45%,"D","From 01-09-2026 To 07-09-2026",7.6,31.4,-76%,LD
ANDHRA PRADESH,2026-09-08,2.8,3.6,-23%,D,27-08-2026 To 02-09-2026,3.7,31.9,-88%,LD,01-06-2026 To 08-09-2026,225.1,404.5,-44%,"D","From 01-09-2026 To 08-09-2026",10.3,35,-71%,LD
ANDHRA PRADESH,2026-09-09,2.4,4,-40%,D,03-09-2026 To 09-09-2026,12.2,29.9,-59%,LD,01-06-2026 To 09-09-2026,227.5,408.5,-44%,"D","From 01-09-2026 To 09-09-2026",12.7,39,-67%,LD
ANDHRA PRADESH,2026-09-10,0.9,4.1,-79%,LD,03-09-2026 To 09-09-2026,12.2,29.9,-59%,LD,01-06-2026 To 10-09-2026,228.4,412.6,-45%,"D","From 01-09-2026 To 10-09-2026",13.6,43.1,-68%,LD
ANDHRA PRADESH,2026-09-11,4.9,5.7,-15%,N,03-09-2026 To 09-09-2026,12.2,29.9,-59%,LD,01-06-2026 To 11-09-2026,233.3,418.3,-44%,"D","From 01-09-2026 To 11-09-2026",18.4,48.8,-62%,LD
ANDHRA PRADESH,2026-09-12,4.2,4.5,-8%,N,03-09-2026 To 09-09-2026,12.2,29.9,-59%,LD,01-06-2026 To 12-09-2026,237.4,422.8,-44%,"D","From 01-09-2026 To 12-09-2026",22.6,53.3,-58%,"D"
ARUNACHAL PRADESH,2026-08-19,2.6,10.5,-75%,LD,13-08-2026 To 19-08-2026,34.6,84.4,-59%,LD,01-06-2026 To 19-08-2026,721.5,1189.7,-39%,"D","From 01-08-2026 To 19-08-2026",139.6,205.8,-32%,"D"
ARUNACHAL PRADESH,2026-08-20,17.1,11.9,44%,E,13-08-2026 To 19-08-2026,34.6,84.4,-59%,LD,01-06-2026 To 20-08-2026,738.6,1201.6,-39%,"D","From 01-08-2026 To 20-08-2026",156.7,217.7,-28%,"D"
ARUNACHAL PRADESH,2026-08-21,1.3,11.4,-88%,LD,13-08-2026 To 19-08-2026,34.6,84.4,-59%,LD,01-06-2026 To 21-08-2026,739.9,1213,-39%,"D","From 01-08-2026 To 21-08-2026",158,229.1,-31%,"D"
ARUNACHAL PRADESH,2026-08-22,6.9,15.5,-56%,D,13-08-2026 To 19-08-2026,34.6,84.4,-59%,LD,01-06-2026 To 22-08-2026,746.8,1228.5,-39%,"D","From 01-08-2026 To 22-08-2026",164.9,244.6,-33%,"D"
ARUNACHAL PRADESH,2026-08-23,1,13.2,-92%,LD,13-08-2026 To 19-08-2026,34.6,84.4,-59%,LD,01-06-2026 To 23-08-2026,747.8,1241.7,-40%,"D","From 01-08-2026 To 23-08-2026",165.9,257.8,-36%,"D"
ARUNACHAL PRADESH,2026-08-24,3.4,12.9,-74%,LD,13-08-2026 To 19-08-2026,34.6,84.4,-59%,LD,01-06-2026 To 24-08-2026,750.8,1254.6,-40%,"D","From 01-08-2026 To 24-08-2026",168.9,270.7,-38%,"D"
ARUNACHAL PRADESH,2026-08-25,8.6,12.2,-30%,D,13-08-2026 To 19-08-2026,34.6,84.4,-59%,LD,01-06-2026 To 25-08-2026,757.3,1266.8,-40%,"D","From 01-08-2026 To 25-08-2026",175.4,282.9,-38%,"D"
ARUNACHAL PRADESH,2026-08-26,7.2,9.7,-26%,D,20-08-2026 To 26-08-2026,43,86.8,-50%,D,01-06-2026 To 26-08-2026,764.4,1276.5,-40%,"D","From 01-08-2026 To 26-08-2026",182.6,292.6,-38%,"D"
ARUNACHAL PRADESH,2026-08-27,0.7,11.4,-94%,LD,20-08-2026 To 26-08-2026,43,86.8,-50%,D,01-06-2026 To 27-08-2026,765,1287.9,-41%,"D","From 01-08-2026 To 27-08-2026",183.2,304,-40%,"D"
ARUNACHAL PRADESH,2026-08-28,8.7,9,-3%,N,20-08-2026 To 26-08-2026,43,86.8,-50%,D,01-06-2026 To 28-08-2026,773.3,1296.9,-40%,"D","From 01-08-2026 To 28-08-2026",191.4,313,-39%,"D"
ARUNACHAL PRADESH,2026-08-29,3.7,9.3,-60%,LD,20-08-2026 To 26-08-2026,43,86.8,-50%,D,01-06-2026 To 29-08-2026,777,1306.2,-41%,"D","From 01-08-2026 To 29-08-2026",195.1,322.3,-39%,"D"
ARUNACHAL PRADESH,2026-08-30,1.4,11.3,-88%,LD,20-08-2026 To 26-08-2026,43,86.8,-50%,D,01-06-2026 To 30-08-2026,778.3,1317.5,-41%,"D","From 01-08-2026 To 30-08-2026",196.4,333.6,-41%,"D"
ARUNACHAL PRADESH,2026-08-31,10.6,9.6,11%,N,20-08-2026 To 26-08-2026,43,86.8,-50%,D,01-06-2026 To 31-08-2026,789,1327.1,-41%,"D","From 01-08-2026 To 31-08-2026",207.1,343.2,-40%,"D"
ARUNACHAL PRADESH,2026-09-01,20.8,9.9,111%,LE,20-08-2026 To 26-08-2026,43,86.8,-50%,D,01-06-2026 To 01-09-2026,809.8,1337,-39%,"D","From 01-08-2026 To 31-08-2026",207.1,343.2,-40%,"D"
ARUNACHAL PRADESH,2026-09-02,5.5,10.2,-46%,D,27-08-2026 To 02-09-2026,50.8,70.7,-28%,D,01-06-2026 To 02-09-2026,815.3,1347.2,-39%,"D","From 01-09-2026 To 02-09-2026",26.3,20.1,31%,"E"
ARUNACHAL PRADESH,2026-09-03,3.4,11.7,-71%,LD,27-08-2026 To 02-09-2026,50.8,70.7,-28%,D,01-06-2026 To 03-09-2026,818.7,1358.9,-40%,"D","From 01-09-2026 To 03-09-2026",29.7,31.8,-7%,"N"
ARUNACHAL PRADESH,2026-09-04,4.1,12.4,-67%,LD,27-08-2026 To 02-09-2026,50.8,70.7,-28%,D,01-06-2026 To 04-09-2026,822.8,1371.3,-40%,"D","From 01-09-2026 To 04-09-2026",33.8,44.2,-23%,"D"
ARUNACHAL PRADESH,2026-09-05,6.2,11.7,-47%,D,27-08-2026 To 02-09-2026,50.8,70.7,-28%,D,01-06-2026 To 05-09-2026,829,1383,-40%,"D","From 01-09-2026 To 05-09-2026",40,55.9,-28%,"D"
ARUNACHAL PRADESH,2026-09-06,4.7,12.2,-61%,LD,27-08-2026 To 02-09-2026,50.8,70.7,-28%,D,01-06-2026 To 06-09-2026,833.7,1395.2,-40%,"D","From 01-09-2026 To 06-09-2026",44.8,68.1,-34%,"D"
ARUNACHAL PRADESH,2026-09-07,2.4,8.8,-73%,LD,27-08-2026 To 02-09-2026,50.8,70.7,-28%,D,01-06-2026 To 07-09-2026,836.1,1404,-40%,"D","From 01-09-2026 To 07-09-2026",47.2,76.9,-39%,"D"
ARUNACHAL PRADESH,2026-09-08,2.5,9.3,-73%,LD,27-08-2026 To 02-09-2026,50.8,70.7,-28%,D,01-06-2026 To 08-09-2026,838.6,1413.3,-41%,"D","From 01-09-2026 To 08-09-2026",49.7,86.2,-42%,"D"
ARUNACHAL PRADESH,2026-09-09,7.2,9.9,-27%,D,03-09-2026 To 09-09-2026,30.6,76,-60%,LD,01-06-2026 To 09-09-2026,845.8,1423.2,-41%,"D","From 01-09-2026 To 09-09-2026",56.9,96.1,-41%,"D"
ARUNACHAL PRADESH,2026-09-10,0.5,11.6,-95%,LD,03-09-2026 To 09-09-2026,30.6,76,-60%,LD,01-06-2026 To 10-09-2026,846.3,1434.8,-41%,"D","From 01-09-2026 To 10-09-2026",57.4,107.7,-47%,"D"
ARUNACHAL PRADESH,2026-09-11,0.3,12.9,-97%,LD,03-09-2026 To 09-09-2026,30.6,76,-60%,LD,01-06-2026 To 11-09-2026,846.7,1447.7,-42%,"D","From 01-09-2026 To 11-09-2026",57.7,120.6,-52%,"D"
ARUNACHAL PRADESH,2026-09-12,8,14.3,-44%,D,03-09-2026 To 09-09-2026,30.6,76,-60%,LD,01-06-2026 To 12-09-2026,854.7,1462,-42%,"D","From 01-09-2026 To 12-09-2026",65.7,134.9,-51%,"D"
ASSAM,2026-08-19,5.8,10.3,-43%,D,13-08-2026 To 19-08-2026,56.5,78,-28%,D,01-06-2026 To 19-08-2026,804.6,1066.3,-25%,"D","From 01-08-2026 To 19-08-2026",178.8,205.6,-13%,"N"
ASSAM,2026-08-20,10.8,10.2,6%,N,13-08-2026 To 19-08-2026,56.5,78,-28%,D,01-06-2026 To 20-08-2026,815.4,1076.5,-24%,"D","From 01-08-2026 To 20-08-2026",189.6,215.8,-12%,"N"
ASSAM,2026-08-21,19.1,12.1,58%,E,13-08-2026 To 19-08-2026,56.5,78,-28%,D,01-06-2026 To 21-08-2026,834.2,1088.6,-23%,"D","From 01-08-2026 To 21-08-2026",208.4,227.9,-9%,"N"
ASSAM,2026-08-22,6.5,11.2,-42%,D,13-08-2026 To 19-08-2026,56.5,78,-28%,D,01-06-2026 To 22-08-2026,840.6,1099.8,-24%,"D","From 01-08-2026 To 22-08-2026",214.8,239.1,-10%,"N"
ASSAM,2026-08-23,4.9,11.4,-57%,D,13-08-2026 To 19-08-2026,56.5,78,-28%,D,01-06-2026 To 23-08-2026,845.2,1111.2,-24%,"D","From 01-08-2026 To 23-08-2026",219.4,250.5,-12%,"N"
ASSAM,2026-08-24,10.9,12.7,-14%,N,13-08-2026 To 19-08-2026,56.5,78,-28%,D,01-06-2026 To 24-08-2026,855.7,1123.9,-24%,"D","From 01-08-2026 To 24-08-2026",229.9,263.2,-13%,"N"
ASSAM,2026-08-25,4.2,12.3,-66%,LD,13-08-2026 To 19-08-2026,56.5,78,-28%,D,01-06-2026 To 25-08-2026,859.7,1136.2,-24%,"D","From 01-08-2026 To 25-08-2026",233.9,275.5,-15%,"N"
ASSAM,2026-08-26,3.3,10.5,-69%,LD,20-08-2026 To 26-08-2026,58.2,80.4,-28%,D,01-06-2026 To 26-08-2026,862.9,1146.7,-25%,"D","From 01-08-2026 To 26-08-2026",237.1,286,-17%,"N"
ASSAM,2026-08-27,4.7,10.6,-55%,D,20-08-2026 To 26-08-2026,58.2,80.4,-28%,D,01-06-2026 To 27-08-2026,867.5,1157.3,-25%,"D","From 01-08-2026 To 27-08-2026",241.7,296.6,-18%,"N"
ASSAM,2026-08-28,4.6,9.9,-54%,D,20-08-2026 To 26-08-2026,58.2,80.4,-28%,D,01-06-2026 To 28-08-2026,872,1167.2,-25%,"D","From 01-08-2026 To 28-08-2026",246.2,306.5,-20%,"D"
ASSAM,2026-08-29,9.3,8.8,6%,N,20-08-2026 To 26-08-2026,58.2,80.4,-28%,D,01-06-2026 To 29-08-2026,881.2,1176,-25%,"D","From 01-08-2026 To 29-08-2026",255.4,315.3,-19%,"N"
ASSAM,2026-08-30,1.7,12.4,-86%,LD,20-08-2026 To 26-08-2026,58.2,80.4,-28%,D,01-06-2026 To 30-08-2026,882.9,1188.4,-26%,"D","From 01-08-2026 To 30-08-2026",257.1,327.7,-22%,"D"
ASSAM,2026-08-31,19.9,10.4,91%,LE,20-08-2026 To 26-08-2026,58.2,80.4,-28%,D,01-06-2026 To 31-08-2026,902.5,1198.8,-25%,"D","From 01-08-2026 To 31-08-2026",276.7,338.1,-18%,"N"
ASSAM,2026-09-01,20.5,9.2,123%,LE,20-08-2026 To 26-08-2026,58.2,80.4,-28%,D,01-06-2026 To 01-09-2026,922.8,1208,-24%,"D","From 01-08-2026 To 31-08-2026",276.7,338.1,-18%,"N"
ASSAM,2026-09-02,16,8.2,95%,LE,27-08-2026 To 02-09-2026,76.7,69.5,10%,N,01-06-2026 To 02-09-2026,938.5,1216.2,-23%,"D","From 01-09-2026 To 02-09-2026",36.5,17.4,110%,LE
ASSAM,2026-09-03,2.5,9.6,-74%,LD,27-08-2026 To 02-09-2026,76.7,69.5,10%,N,01-06-2026 To 03-09-2026,940.9,1225.8,-23%,"D","From 01-09-2026 To 03-09-2026",38.9,27,44%,"E"
ASSAM,2026-09-04,10,10.7,-6%,N,27-08-2026 To 02-09-2026,76.7,69.5,10%,N,01-06-2026 To 04-09-2026,950.8,1236.5,-23%,"D","From 01-09-2026 To 04-09-2026",49,37.7,30%,"E"
ASSAM,2026-09-05,7.6,10.3,-27%,D,27-08-2026 To 02-09-2026,76.7,69.5,10%,N,01-06-2026 To 05-09-2026,958.2,1246.8,-23%,"D","From 01-09-2026 To 05-09-2026",56.5,48,18%,"N"
ASSAM,2026-09-06,2.1,10.2,-79%,LD,27-08-2026 To 02-09-2026,76.7,69.5,10%,N,01-06-2026 To 06-09-2026,960.3,1257,-24%,"D","From 01-09-2026 To 06-09-2026",58.6,58.2,1%,"N"
ASSAM,2026-09-07,3.4,9.8,-65%,LD,27-08-2026 To 02-09-2026,76.7,69.5,10%,N,01-06-2026 To 07-09-2026,963.7,1266.8,-24%,"D","From 01-09-2026 To 07-09-2026",61.2,68,-10%,"N"
ASSAM,2026-09-08,5.1,9.8,-48%,D,27-08-2026 To 02-09-2026,76.7,69.5,10%,N,01-06-2026 To 08-09-2026,968.8,1276.6,-24%,"D","From 01-09-2026 To 08-09-2026",66.3,77.8,-15%,"N"
ASSAM,2026-09-09,13.2,9.5,39%,E,03-09-2026 To 09-09-2026,42.8,69.9,-39%,D,01-06-2026 To 09-09-2026,981.3,1286.1,-24%,"D","From 01-09-2026 To 09-09-2026",78.8,87.3,-10%,"N"
ASSAM,2026-09-10,1.4,10.9,-87%,LD,03-09-2026 To 09-09-2026,42.8,69.9,-39%,D,01-06-2026 To 10-09-2026,982.6,1297,-24%,"D","From 01-09-2026 To 10-09-2026",80.1,98.2,-18%,"N"
ASSAM,2026-09-11,0.7,10.7,-93%,LD,03-09-2026 To 09-09-2026,42.8,69.9,-39%,D,01-06-2026 To 11-09-2026,983.3,1307.7,-25%,"D","From 01-09-2026 To 11-09-2026",80.8,108.9,-26%,"D"
ASSAM,2026-09-12,12.5,10.1,23%,E,03-09-2026 To 09-09-2026,42.8,69.9,-39%,D,01-06-2026 To 12-09-2026,995.2,1317.8,-24%,"D","From 01-09-2026 To 12-09-2026",92.7,119,-22%,"D"
BIHAR,2026-08-19,5.7,8.1,-30%,D,13-08-2026 To 19-08-2026,33.8,72.4,-53%,D,01-06-2026 To 19-08-2026,407.6,675,-40%,"D","From 01-08-2026 To 19-08-2026",117,171.2,-32%,"D"
BIHAR,2026-08-20,1.2,7.7,-84%,LD,13-08-2026 To 19-08-2026,33.8,72.4,-53%,D,01-06-2026 To 20-08-2026,408.9,682.7,-40%,"D","From 01-08-2026 To 20-08-2026",118.2,178.9,-34%,"D"
BIHAR,2026-08-21,0.6,8.2,-93%,LD,13-08-2026 To 19-08-2026,33.8,72.4,-53%,D,01-06-2026 To 21-08-2026,409.4,690.9,-41%,"D","From 01-08-2026 To 21-08-2026",118.8,187.1,-37%,"D"
BIHAR,2026-08-22,0.5,10.6,-95%,LD,13-08-2026 To 19-08-2026,33.8,72.4,-53%,D,01-06-2026 To 22-08-2026,409.9,701.5,-42%,"D","From 01-08-2026 To 22-08-2026",119.3,197.7,-40%,"D"
BIHAR,2026-08-23,2.9,9.4,-69%,LD,13-08-2026 To 19-08-2026,33.8,72.4,-53%,D,01-06-2026 To 23-08-2026,412.8,710.9,-42%,"D","From 01-08-2026 To 23-08-2026",122.2,207.1,-41%,"D"
BIHAR,2026-08-24,4.6,10,-54%,D,13-08-2026 To 19-08-2026,33.8,72.4,-53%,D,01-06-2026 To 24-08-2026,417.4,720.9,-42%,"D","From 01-08-2026 To 24-08-2026",126.7,217.1,-42%,"D"
BIHAR,2026-08-25,6.7,11.1,-40%,D,13-08-2026 To 19-08-2026,33.8,72.4,-53%,D,01-06-2026 To 25-08-2026,424,732,-42%,"D","From 01-08-2026 To 25-08-2026",133.4,228.2,-42%,"D"
BIHAR,2026-08-26,3.2,9.1,-65%,LD,20-08-2026 To 26-08-2026,19.6,66.1,-70%,LD,01-06-2026 To 26-08-2026,427.2,741.1,-42%,"D","From 01-08-2026 To 26-08-2026",136.6,237.3,-42%,"D"
BIHAR,2026-08-27,5.8,8.1,-29%,D,20-08-2026 To 26-08-2026,19.6,66.1,-70%,LD,01-06-2026 To 27-08-2026,433,749.2,-42%,"D","From 01-08-2026 To 27-08-2026",142.4,245.4,-42%,"D"
BIHAR,2026-08-28,4.3,7.3,-42%,D,20-08-2026 To 26-08-2026,19.6,66.1,-70%,LD,01-06-2026 To 28-08-2026,437.3,756.5,-42%,"D","From 01-08-2026 To 28-08-2026",146.6,252.7,-42%,"D"
BIHAR,2026-08-29,8.5,6,42%,E,20-08-2026 To 26-08-2026,19.6,66.1,-70%,LD,01-06-2026 To 29-08-2026,445.8,762.5,-42%,"D","From 01-08-2026 To 29-08-2026",155.1,258.7,-40%,"D"
BIHAR,2026-08-30,12.3,6.3,95%,LE,20-08-2026 To 26-08-2026,19.6,66.1,-70%,LD,01-06-2026 To 30-08-2026,458,768.8,-40%,"D","From 01-08-2026 To 30-08-2026",167.4,265,-37%,"D"
BIHAR,2026-08-31,9.8,6.9,43%,E,20-08-2026 To 26-08-2026,19.6,66.1,-70%,LD,01-06-2026 To 31-08-2026,467.9,775.7,-40%,"D","From 01-08-2026 To 31-08-2026",177.2,271.9,-35%,"D"
BIHAR,2026-09-01,18.4,6.9,166%,LE,20-08-2026 To 26-08-2026,19.6,66.1,-70%,LD,01-06-2026 To 01-09-2026,486.2,782.6,-38%,"D","From 01-08-2026 To 31-08-2026",177.2,271.9,-35%,"D"
BIHAR,2026-09-02,15.7,7,124%,LE,27-08-2026 To 02-09-2026,74.7,48.5,54%,E,01-06-2026 To 02-09-2026,501.9,789.6,-36%,"D","From 01-09-2026 To 02-09-2026",34.1,13.9,145%,LE
BIHAR,2026-09-03,10.1,6.3,60%,LE,27-08-2026 To 02-09-2026,74.7,48.5,54%,E,01-06-2026 To 03-09-2026,512,795.9,-36%,"D","From 01-09-2026 To 03-09-2026",44.1,20.2,119%,LE
BIHAR,2026-09-04,4.4,7.8,-43%,D,27-08-2026 To 02-09-2026,74.7,48.5,54%,E,01-06-2026 To 04-09-2026,516.5,803.7,-36%,"D","From 01-09-2026 To 04-09-2026",48.6,28,73%,LE
BIHAR,2026-09-05,6.2,8.5,-27%,D,27-08-2026 To 02-09-2026,74.7,48.5,54%,E,01-06-2026 To 05-09-2026,522.7,812.2,-36%,"D","From 01-09-2026 To 05-09-2026",54.8,36.5,50%,"E"
BIHAR,2026-09-06,7.1,8.7,-19%,N,27-08-2026 To 02-09-2026,74.7,48.5,54%,E,01-06-2026 To 06-09-2026,529.7,820.9,-35%,"D","From 01-09-2026 To 06-09-2026",61.9,45.2,37%,"E"
BIHAR,2026-09-07,6.3,7.8,-19%,N,27-08-2026 To 02-09-2026,74.7,48.5,54%,E,01-06-2026 To 07-09-2026,536.1,828.7,-35%,"D","From 01-09-2026 To 07-09-2026",68.2,53,29%,"E"
BIHAR,2026-09-08,3.4,8.4,-60%,LD,27-08-2026 To 02-09-2026,74.7,48.5,54%,E,01-06-2026 To 08-09-2026,539.4,837.1,-36%,"D","From 01-09-2026 To 08-09-2026",71.5,61.4,17%,"N"
BIHAR,2026-09-09,3.7,6.7,-45%,D,03-09-2026 To 09-09-2026,41.2,54.2,-24%,D,01-06-2026 To 09-09-2026,543.1,843.8,-36%,"D","From 01-09-2026 To 09-09-2026",75.2,68.1,10%,"N"
BIHAR,2026-09-10,6.4,7.4,-13%,N,03-09-2026 To 09-09-2026,41.2,54.2,-24%,D,01-06-2026 To 10-09-2026,549.5,851.2,-35%,"D","From 01-09-2026 To 10-09-2026",81.7,75.5,8%,"N"
BIHAR,2026-09-11,13.4,7.7,75%,LE,03-09-2026 To 09-09-2026,41.2,54.2,-24%,D,01-06-2026 To 11-09-2026,563,858.9,-34%,"D","From 01-09-2026 To 11-09-2026",95.1,83.2,14%,"N"
BIHAR,2026-09-12,4.2,8.8,-52%,D,03-09-2026 To 09-09-2026,41.2,54.2,-24%,D,01-06-2026 To 12-09-2026,567.2,867.7,-35%,"D","From 01-09-2026 To 12-09-2026",99.3,92,8%,"N"
CHANDIGARH (UT),2026-08-19,59,8.1,628%,LE,13-08-2026 To 19-08-2026,122.9,74.5,65%,LE,01-06-2026 To 19-08-2026,532.6,626.8,-15%,"N","From 01-08-2026 To 19-08-2026",185.5,198.1,-6%,"N"
CHANDIGARH (UT),2026-08-20,16.3,5.7,187%,LE,13-08-2026 To 19-08-2026,122.9,74.5,65%,LE,01-06-2026 To 20-08-2026,549,632.5,-13%,"N","From 01-08-2026 To 20-08-2026",201.8,203.8,-1%,"N"
CHANDIGARH (UT),2026-08-21,0,5.4,-100%,NR,13-08-2026 To 19-08-2026,122.9,74.5,65%,LE,01-06-2026 To 21-08-2026,549,637.9,-14%,"N","From 01-08-2026 To 21-08-2026",201.8,209.2,-4%,"N"
CHANDIGARH (UT),2026-08-22,0,9.7,-100%,NR,13-08-2026 To 19-08-2026,122.9,74.5,65%,LE,01-06-2026 To 22-08-2026,549,647.6,-15%,"N","From 01-08-2026 To 22-08-2026",201.8,218.9,-8%,"N"
CHANDIGARH (UT),2026-08-23,5.9,10.5,-43%,D,13-08-2026 To 19-08-2026,122.9,74.5,65%,LE,01-06-2026 To 23-08-2026,554.9,658.1,-16%,"N","From 01-08-2026 To 23-08-2026",207.8,229.4,-9%,"N"
CHANDIGARH (UT),2026-08-24,0.6,6.9,-92%,LD,13-08-2026 To 19-08-2026,122.9,74.5,65%,LE,01-06-2026 To 24-08-2026,555.4,665,-16%,"N","From 01-08-2026 To 24-08-2026",208.3,236.3,-12%,"N"
CHANDIGARH (UT),2026-08-25,0,2,-100%,NR,13-08-2026 To 19-08-2026,122.9,74.5,65%,LE,01-06-2026 To 25-08-2026,555.4,667,-17%,"N","From 01-08-2026 To 25-08-2026",208.3,238.3,-13%,"N"
CHANDIGARH (UT),2026-08-26,38.9,7.1,448%,LE,20-08-2026 To 26-08-2026,61.7,47.3,30%,E,01-06-2026 To 26-08-2026,594.3,674.1,-12%,"N","From 01-08-2026 To 26-08-2026",247.2,245.4,1%,"N"
CHANDIGARH (UT),2026-08-27,1.8,15.4,-88%,LD,20-08-2026 To 26-08-2026,61.7,47.3,30%,E,01-06-2026 To 27-08-2026,596.2,689.5,-14%,"N","From 01-08-2026 To 27-08-2026",249.1,260.8,-5%,"N"
CHANDIGARH (UT),2026-08-28,0.1,9.7,-99%,LD,20-08-2026 To 26-08-2026,61.7,47.3,30%,E,01-06-2026 To 28-08-2026,596.3,699.2,-15%,"N","From 01-08-2026 To 28-08-2026",249.2,270.5,-8%,"N"
CHANDIGARH (UT),2026-08-29,0,2.9,-99%,LD,20-08-2026 To 26-08-2026,61.7,47.3,30%,E,01-06-2026 To 29-08-2026,596.3,702.1,-15%,"N","From 01-08-2026 To 29-08-2026",249.2,273.4,-9%,"N"
CHANDIGARH (UT),2026-08-30,0,7.1,-100%,NR,20-08-2026 To 26-08-2026,61.7,47.3,30%,E,01-06-2026 To 30-08-2026,596.3,709.2,-16%,"N","From 01-08-2026 To 30-08-2026",249.2,280.5,-11%,"N"
CHANDIGARH (UT),2026-08-31,0,4.3,-100%,NR,20-08-2026 To 26-08-2026,61.7,47.3,30%,E,01-06-2026 To 31-08-2026,596.3,713.5,-16%,"N","From 01-08-2026 To 31-08-2026",249.2,284.8,-13%,"N"
CHANDIGARH (UT),2026-09-01,0,4,-100%,NR,20-08-2026 To 26-08-2026,61.7,47.3,30%,E,01-06-2026 To 01-09-2026,596.3,717.5,-17%,"N","From 01-08-2026 To 31-08-2026",249.2,284.8,-13%,"N"
CHANDIGARH (UT),2026-09-02,0,2,-100%,NR,27-08-2026 To 02-09-2026,2,45.4,-96%,LD,01-06-2026 To 02-09-2026,596.3,719.5,-17%,"N","From 01-09-2026 To 02-09-2026",0,6,-100%,NR
CHANDIGARH (UT),2026-09-03,1.7,5.1,-67%,LD,27-08-2026 To 02-09-2026,2,45.4,-96%,LD,01-06-2026 To 03-09-2026,598,724.6,-17%,"N","From 01-09-2026 To 03-09-2026",1.7,11.1,-85%,LD
CHANDIGARH (UT),2026-09-04,40.6,8.4,383%,LE,27-08-2026 To 02-09-2026,2,45.4,-96%,LD,01-06-2026 To 04-09-2026,638.6,733,-13%,"N","From 01-09-2026 To 04-09-2026",42.3,19.5,117%,LE
CHANDIGARH (UT),2026-09-05,1.7,17.4,-90%,LD,27-08-2026 To 02-09-2026,2,45.4,-96%,LD,01-06-2026 To 05-09-2026,640.2,750.4,-15%,"N","From 01-09-2026 To 05-09-2026",43.9,36.9,19%,"N"
CHANDIGARH (UT),2026-09-06,16.6,3.8,338%,LE,27-08-2026 To 02-09-2026,2,45.4,-96%,LD,01-06-2026 To 06-09-2026,656.9,754.2,-13%,"N","From 01-09-2026 To 06-09-2026",60.6,40.7,49%,"E"
CHANDIGARH (UT),2026-09-07,0,5.6,-100%,NR,27-08-2026 To 02-09-2026,2,45.4,-96%,LD,01-06-2026 To 07-09-2026,656.9,759.8,-14%,"N","From 01-09-2026 To 07-09-2026",60.6,46.3,31%,"E"
CHANDIGARH (UT),2026-09-08,0,9.1,-100%,NR,27-08-2026 To 02-09-2026,2,45.4,-96%,LD,01-06-2026 To 08-09-2026,656.9,768.9,-15%,"N","From 01-09-2026 To 08-09-2026",60.6,55.4,9%,"N"
CHANDIGARH (UT),2026-09-09,0,20.6,-100%,NR,03-09-2026 To 09-09-2026,60.6,70,-13%,N,01-06-2026 To 09-09-2026,656.9,789.5,-17%,"N","From 01-09-2026 To 09-09-2026",60.6,76,-20%,"D"
CHANDIGARH (UT),2026-09-10,0,8.7,-100%,NR,03-09-2026 To 09-09-2026,60.6,70,-13%,N,01-06-2026 To 10-09-2026,656.9,798.2,-18%,"N","From 01-09-2026 To 10-09-2026",60.6,84.7,-29%,"D"
CHANDIGARH (UT),2026-09-11,0,6.3,-100%,NR,03-09-2026 To 09-09-2026,60.6,70,-13%,N,01-06-2026 To 11-09-2026,656.9,804.5,-18%,"N","From 01-09-2026 To 11-09-2026",60.6,91,-33%,"D"
CHANDIGARH (UT),2026-09-12,0.6,3.4,-84%,LD,03-09-2026 To 09-09-2026,60.6,70,-13%,N,01-06-2026 To 12-09-2026,657.4,807.9,-19%,"N","From 01-09-2026 To 12-09-2026",61.1,94.4,-35%,"D"
CHHATTISGARH,2026-08-19,18.5,12.8,45%,E,13-08-2026 To 19-08-2026,92.7,85.1,9%,N,01-06-2026 To 19-08-2026,757.1,794.9,-5%,"N","From 01-08-2026 To 19-08-2026",197.5,237.9,-17%,"N"
CHHATTISGARH,2026-08-20,12.7,12.8,-1%,N,13-08-2026 To 19-08-2026,92.7,85.1,9%,N,01-06-2026 To 20-08-2026,769.8,807.7,-5%,"N","From 01-08-2026 To 20-08-2026",210.2,250.7,-16%,"N"
CHHATTISGARH,2026-08-21,2.9,11.5,-75%,LD,13-08-2026 To 19-08-2026,92.7,85.1,9%,N,01-06-2026 To 21-08-2026,772.6,819.2,-6%,"N","From 01-08-2026 To 21-08-2026",213,262.2,-19%,"N"
CHHATTISGARH,2026-08-22,3.3,13.4,-76%,LD,13-08-2026 To 19-08-2026,92.7,85.1,9%,N,01-06-2026 To 22-08-2026,775.9,832.6,-7%,"N","From 01-08-2026 To 22-08-2026",216.3,275.6,-22%,"D"
CHHATTISGARH,2026-08-23,16.9,10.3,64%,LE,13-08-2026 To 19-08-2026,92.7,85.1,9%,N,01-06-2026 To 23-08-2026,792.8,842.9,-6%,"N","From 01-08-2026 To 23-08-2026",233.2,285.9,-18%,"N"
CHHATTISGARH,2026-08-24,37.2,8,365%,LE,13-08-2026 To 19-08-2026,92.7,85.1,9%,N,01-06-2026 To 24-08-2026,830,850.9,-2%,"N","From 01-08-2026 To 24-08-2026",270.4,293.9,-8%,"N"
CHHATTISGARH,2026-08-25,26.2,5.9,343%,LE,13-08-2026 To 19-08-2026,92.7,85.1,9%,N,01-06-2026 To 25-08-2026,856.2,856.8,0%,"N","From 01-08-2026 To 25-08-2026",296.6,299.8,-1%,"N"
CHHATTISGARH,2026-08-26,5.5,7.7,-29%,D,20-08-2026 To 26-08-2026,104.6,69.6,50%,E,01-06-2026 To 26-08-2026,861.7,864.5,0%,"N","From 01-08-2026 To 26-08-2026",302.1,307.5,-2%,"N"
CHHATTISGARH,2026-08-27,6.1,10.6,-42%,D,20-08-2026 To 26-08-2026,104.6,69.6,50%,E,01-06-2026 To 27-08-2026,867.8,875.1,-1%,"N","From 01-08-2026 To 27-08-2026",308.2,318.1,-3%,"N"
CHHATTISGARH,2026-08-28,8.1,13.7,-41%,D,20-08-2026 To 26-08-2026,104.6,69.6,50%,E,01-06-2026 To 28-08-2026,875.8,888.8,-1%,"N","From 01-08-2026 To 28-08-2026",316.2,331.8,-5%,"N"
CHHATTISGARH,2026-08-29,2.9,13,-77%,LD,20-08-2026 To 26-08-2026,104.6,69.6,50%,E,01-06-2026 To 29-08-2026,878.8,901.8,-3%,"N","From 01-08-2026 To 29-08-2026",319.2,344.8,-7%,"N"
CHHATTISGARH,2026-08-30,17.3,10.2,70%,LE,20-08-2026 To 26-08-2026,104.6,69.6,50%,E,01-06-2026 To 30-08-2026,896.1,912,-2%,"N","From 01-08-2026 To 30-08-2026",336.5,355,-5%,"N"
CHHATTISGARH,2026-08-31,18.4,9.2,101%,LE,20-08-2026 To 26-08-2026,104.6,69.6,50%,E,01-06-2026 To 31-08-2026,914.5,921.2,-1%,"N","From 01-08-2026 To 31-08-2026",354.9,364.2,-3%,"N"
CHHATTISGARH,2026-09-01,8.7,9,-3%,N,20-08-2026 To 26-08-2026,104.6,69.6,50%,E,01-06-2026 To 01-09-2026,923.3,930.2,-1%,"N","From 01-08-2026 To 31-08-2026",354.9,364.2,-3%,"N"
CHHATTISGARH,2026-09-02,6.7,10.2,-35%,D,27-08-2026 To 02-09-2026,68.3,75.9,-10%,N,01-06-2026 To 02-09-2026,929.9,940.4,-1%,"N","From 01-09-2026 To 02-09-2026",15.4,19.2,-20%,"D"
CHHATTISGARH,2026-09-03,11.8,10.6,11%,N,27-08-2026 To 02-09-2026,68.3,75.9,-10%,N,01-06-2026 To 03-09-2026,941.8,951,-1%,"N","From 01-09-2026 To 03-09-2026",27.2,29.8,-9%,"N"
CHHATTISGARH,2026-09-04,4.9,9.6,-49%,D,27-08-2026 To 02-09-2026,68.3,75.9,-10%,N,01-06-2026 To 04-09-2026,946.6,960.6,-1%,"N","From 01-09-2026 To 04-09-2026",32.1,39.4,-19%,"N"
CHHATTISGARH,2026-09-05,0.8,9.4,-92%,LD,27-08-2026 To 02-09-2026,68.3,75.9,-10%,N,01-06-2026 To 05-09-2026,947.4,970,-2%,"N","From 01-09-2026 To 05-09-2026",32.8,48.8,-33%,"D"
CHHATTISGARH,2026-09-06,0.3,9.5,-97%,LD,27-08-2026 To 02-09-2026,68.3,75.9,-10%,N,01-06-2026 To 06-09-2026,947.7,979.5,-3%,"N","From 01-09-2026 To 06-09-2026",33.1,58.3,-43%,"D"
CHHATTISGARH,2026-09-07,1.2,11.4,-89%,LD,27-08-2026 To 02-09-2026,68.3,75.9,-10%,N,01-06-2026 To 07-09-2026,948.9,990.9,-4%,"N","From 01-09-2026 To 07-09-2026",34.3,69.7,-51%,"D"
CHHATTISGARH,2026-09-08,0.3,8.8,-97%,LD,27-08-2026 To 02-09-2026,68.3,75.9,-10%,N,01-06-2026 To 08-09-2026,949.2,999.7,-5%,"N","From 01-09-2026 To 08-09-2026",34.6,78.5,-56%,"D"
CHHATTISGARH,2026-09-09,1.1,6.9,-84%,LD,03-09-2026 To 09-09-2026,20.4,66.2,-69%,LD,01-06-2026 To 09-09-2026,950.3,1006.6,-6%,"N","From 01-09-2026 To 09-09-2026",35.8,85.4,-58%,"D"
CHHATTISGARH,2026-09-10,3.1,7.8,-60%,LD,03-09-2026 To 09-09-2026,20.4,66.2,-69%,LD,01-06-2026 To 10-09-2026,953.4,1014.4,-6%,"N","From 01-09-2026 To 10-09-2026",38.9,93.2,-58%,"D"
CHHATTISGARH,2026-09-11,18.4,8.3,121%,LE,03-09-2026 To 09-09-2026,20.4,66.2,-69%,LD,01-06-2026 To 11-09-2026,971.8,1022.7,-5%,"N","From 01-09-2026 To 11-09-2026",57.3,101.5,-44%,"D"
CHHATTISGARH,2026-09-12,25.9,9.3,179%,LE,03-09-2026 To 09-09-2026,20.4,66.2,-69%,LD,01-06-2026 To 12-09-2026,997.7,1032,-3%,"N","From 01-09-2026 To 12-09-2026",83.2,110.8,-25%,"D"
COUNTRY : INDIA,2026-08-19,7.2,7.9,-9%,"",13-08-2026 To 19-08-2026,0,0,"","",01-06-2026 To 19-08-2026,535,611.8,-13%,"","From 01-08-2026 To 19-08-2026",144.8,166,-13%,""
COUNTRY : INDIA,2026-08-20,5.8,8,-28%,"",13-08-2026 To 19-08-2026,0,0,"","",01-06-2026 To 20-08-2026,540.8,619.8,-13%,"","From 01-08-2026 To 20-08-2026",150.6,174,-13%,""
COUNTRY : INDIA,2026-08-21,3.5,7.6,-54%,"",13-08-2026 To 19-08-2026,0,0,"","",01-06-2026 To 21-08-2026,544.3,627.4,-13%,"","From 01-08-2026 To 21-08-2026",154.1,181.6,-15%,""
COUNTRY : INDIA,2026-08-22,3.9,8,-51%,"",13-08-2026 To 19-08-2026,0,0,"","",01-06-2026 To 22-08-2026,548.2,635.4,-14%,"","From 01-08-2026 To 22-08-2026",158,189.6,-17%,""
COUNTRY : INDIA,2026-08-23,7.1,7.6,-6%,"",13-08-2026 To 19-08-2026,0,0,"","",01-06-2026 To 23-08-2026,555.3,643,-14%,"","From 01-08-2026 To 23-08-2026",165.1,197.2,-16%,""
COUNTRY : INDIA,2026-08-24,8.9,7.7,16%,"",13-08-2026 To 19-08-2026,0,0,"","",01-06-2026 To 24-08-2026,564.2,650.7,-13%,"","From 01-08-2026 To 24-08-2026",173.9,204.9,-15%,""
COUNTRY : INDIA,2026-08-25,8.2,7.1,15%,"",13-08-2026 To 19-08-2026,0,0,"","",01-06-2026 To 25-08-2026,572.4,657.8,-13%,"","From 01-08-2026 To 25-08-2026",182,212,-14%,""
COUNTRY : INDIA,2026-08-26,5.5,6.9,-21%,"",20-08-2026 To 26-08-2026,0,0,"","",01-06-2026 To 26-08-2026,577.8,664.7,-13%,"","From 01-08-2026 To 26-08-2026",187.5,218.9,-14%,""
COUNTRY : INDIA,2026-08-27,5.3,7.4,-28%,"",20-08-2026 To 26-08-2026,0,0,"","",01-06-2026 To 27-08-2026,583.2,672.1,-13%,"","From 01-08-2026 To 27-08-2026",192.8,226.3,-15%,""
COUNTRY : INDIA,2026-08-28,4.7,7.4,-36%,"",20-08-2026 To 26-08-2026,0,0,"","",01-06-2026 To 28-08-2026,587.8,679.5,-13%,"","From 01-08-2026 To 28-08-2026",197.5,233.7,-15%,""
COUNTRY : INDIA,2026-08-29,4.6,7.3,-37%,"",20-08-2026 To 26-08-2026,0,0,"","",01-06-2026 To 29-08-2026,592.4,686.8,-14%,"","From 01-08-2026 To 29-08-2026",202.1,241,-16%,""
COUNTRY : INDIA,2026-08-30,5.2,7.1,-26%,"",20-08-2026 To 26-08-2026,0,0,"","",01-06-2026 To 30-08-2026,597.6,693.9,-14%,"","From 01-08-2026 To 30-08-2026",207.3,248.1,-16%,""
COUNTRY : INDIA,2026-08-31,6.1,6.8,-11%,"",20-08-2026 To 26-08-2026,0,0,"","",01-06-2026 To 31-08-2026,603.7,700.7,-14%,"","From 01-08-2026 To 31-08-2026",213.3,254.9,-16%,""
COUNTRY : INDIA,2026-09-01,7.6,6.7,14%,"",20-08-2026 To 26-08-2026,0,0,"","",01-06-2026 To 01-09-2026,611.2,707.4,-14%,"","From 01-08-2026 To 31-08-2026",213.3,254.9,-16%,""
COUNTRY : INDIA,2026-09-02,7.3,6.9,5%,"",27-08-2026 To 02-09-2026,0,0,"","",01-06-2026 To 02-09-2026,618.5,714.3,-13%,"","From 01-09-2026 To 02-09-2026",14.8,13.6,9%,""
COUNTRY : INDIA,2026-09-03,6,6.8,-11%,"",27-08-2026 To 02-09-2026,0,0,"","",01-06-2026 To 03-09-2026,624.5,721.1,-13%,"","From 01-09-2026 To 03-09-2026",20.9,20.4,2%,""
COUNTRY : INDIA,2026-09-04,5.2,6.8,-24%,"",27-08-2026 To 02-09-2026,0,0,"","",01-06-2026 To 04-09-2026,629.7,727.9,-13%,"","From 01-09-2026 To 04-09-2026",26,27.2,-4%,""
COUNTRY : INDIA,2026-09-05,5,6.9,-28%,"",27-08-2026 To 02-09-2026,0,0,"","",01-06-2026 To 05-09-2026,634.6,734.8,-14%,"","From 01-09-2026 To 05-09-2026",31,34.1,-9%,""
COUNTRY : INDIA,2026-09-06,4.2,6.8,-39%,"",27-08-2026 To 02-09-2026,0,0,"","",01-06-2026 To 06-09-2026,638.8,741.6,-14%,"","From 01-09-2026 To 06-09-2026",35.1,40.9,-14%,""
COUNTRY : INDIA,2026-09-07,4.1,6.7,-39%,"",27-08-2026 To 02-09-2026,0,0,"","",01-06-2026 To 07-09-2026,642.9,748.3,-14%,"","From 01-09-2026 To 07-09-2026",39.2,47.6,-18%,""
COUNTRY : INDIA,2026-09-08,2.6,6.2,-58%,"",27-08-2026 To 02-09-2026,0,0,"","",01-06-2026 To 08-09-2026,645.5,754.5,-14%,"","From 01-09-2026 To 08-09-2026",41.8,53.8,-22%,""
COUNTRY : INDIA,2026-09-09,2.6,6.1,-58%,"",03-09-2026 To 09-09-2026,0,0,"","",01-06-2026 To 09-09-2026,648,760.6,-15%,"","From 01-09-2026 To 09-09-2026",44.3,59.9,-26%,""
COUNTRY : INDIA,2026-09-10,2.4,6,-59%,"",03-09-2026 To 09-09-2026,0,0,"","",01-06-2026 To 10-09-2026,650.5,766.6,-15%,"","From 01-09-2026 To 10-09-2026",46.8,65.9,-29%,""
COUNTRY : INDIA,2026-09-11,5.1,5.9,-13%,"",03-09-2026 To 09-09-2026,0,0,"","",01-06-2026 To 11-09-2026,655.6,772.5,-15%,"","From 01-09-2026 To 11-09-2026",51.9,71.8,-28%,""
COUNTRY : INDIA,2026-09-12,6.7,6.1,10%,"",03-09-2026 To 09-09-2026,0,0,"","",01-06-2026 To 12-09-2026,662.3,778.6,-15%,"","From 01-09-2026 To 12-09-2026",58.6,77.9,-25%,""
DADRA & NAGAR HAVELI AND DAMAN & DIU (UT),2026-08-19,1.9,7.2,-73%,LD,13-08-2026 To 19-08-2026,102.5,106.9,-4%,N,01-06-2026 To 19-08-2026,2667.5,1665.7,60%,"LE","From 01-08-2026 To 19-08-2026",291.6,399.3,-27%,"D"
DADRA & NAGAR HAVELI AND DAMAN & DIU (UT),2026-08-20,4.4,8.2,-47%,D,13-08-2026 To 19-08-2026,102.5,106.9,-4%,N,01-06-2026 To 20-08-2026,2671.8,1673.9,60%,"LE","From 01-08-2026 To 20-08-2026",296,407.5,-27%,"D"
DADRA & NAGAR HAVELI AND DAMAN & DIU (UT),2026-08-21,4.3,12.2,-64%,LD,13-08-2026 To 19-08-2026,102.5,106.9,-4%,N,01-06-2026 To 21-08-2026,2676.2,1686.1,59%,"E","From 01-08-2026 To 21-08-2026",300.3,419.7,-28%,"D"
DADRA & NAGAR HAVELI AND DAMAN & DIU (UT),2026-08-22,13.3,10.8,24%,E,13-08-2026 To 19-08-2026,102.5,106.9,-4%,N,01-06-2026 To 22-08-2026,2689.5,1696.9,58%,"E","From 01-08-2026 To 22-08-2026",313.7,430.5,-27%,"D"
DADRA & NAGAR HAVELI AND DAMAN & DIU (UT),2026-08-23,14,12.9,8%,N,13-08-2026 To 19-08-2026,102.5,106.9,-4%,N,01-06-2026 To 23-08-2026,2703.5,1709.8,58%,"E","From 01-08-2026 To 23-08-2026",327.7,443.4,-26%,"D"
DADRA & NAGAR HAVELI AND DAMAN & DIU (UT),2026-08-24,0.7,13.8,-95%,LD,13-08-2026 To 19-08-2026,102.5,106.9,-4%,N,01-06-2026 To 24-08-2026,2704.2,1723.6,57%,"E","From 01-08-2026 To 24-08-2026",328.4,457.2,-28%,"D"
DADRA & NAGAR HAVELI AND DAMAN & DIU (UT),2026-08-25,10.3,19.2,-47%,D,13-08-2026 To 19-08-2026,102.5,106.9,-4%,N,01-06-2026 To 25-08-2026,2714.5,1742.8,56%,"E","From 01-08-2026 To 25-08-2026",338.6,476.4,-29%,"D"
DADRA & NAGAR HAVELI AND DAMAN & DIU (UT),2026-08-26,8,19.3,-59%,D,20-08-2026 To 26-08-2026,55,96.4,-43%,D,01-06-2026 To 26-08-2026,2722.5,1762.1,55%,"E","From 01-08-2026 To 26-08-2026",346.6,495.7,-30%,"D"
DADRA & NAGAR HAVELI AND DAMAN & DIU (UT),2026-08-27,1.8,18.3,-90%,LD,20-08-2026 To 26-08-2026,55,96.4,-43%,D,01-06-2026 To 27-08-2026,2724.2,1780.4,53%,"E","From 01-08-2026 To 27-08-2026",348.4,514,-32%,"D"
DADRA & NAGAR HAVELI AND DAMAN & DIU (UT),2026-08-28,4.2,25.6,-84%,LD,20-08-2026 To 26-08-2026,55,96.4,-43%,D,01-06-2026 To 28-08-2026,2728.5,1806,51%,"E","From 01-08-2026 To 28-08-2026",352.6,539.6,-35%,"D"
DADRA & NAGAR HAVELI AND DAMAN & DIU (UT),2026-08-29,2.9,28.8,-90%,LD,20-08-2026 To 26-08-2026,55,96.4,-43%,D,01-06-2026 To 29-08-2026,2731.3,1834.8,49%,"E","From 01-08-2026 To 29-08-2026",355.5,568.4,-37%,"D"
DADRA & NAGAR HAVELI AND DAMAN & DIU (UT),2026-08-30,0.6,26.7,-98%,LD,20-08-2026 To 26-08-2026,55,96.4,-43%,D,01-06-2026 To 30-08-2026,2731.9,1861.5,47%,"E","From 01-08-2026 To 30-08-2026",356.1,595.1,-40%,"D"
DADRA & NAGAR HAVELI AND DAMAN & DIU (UT),2026-08-31,3.3,19.1,-83%,LD,20-08-2026 To 26-08-2026,55,96.4,-43%,D,01-06-2026 To 31-08-2026,2735.3,1880.6,45%,"E","From 01-08-2026 To 31-08-2026",359.4,614.2,-41%,"D"
DADRA & NAGAR HAVELI AND DAMAN & DIU (UT),2026-09-01,9.7,14.6,-34%,D,20-08-2026 To 26-08-2026,55,96.4,-43%,D,01-06-2026 To 01-09-2026,2745,1895.2,45%,"E","From 01-08-2026 To 31-08-2026",359.4,614.2,-41%,"D"
DADRA & NAGAR HAVELI AND DAMAN & DIU (UT),2026-09-02,4.6,16.9,-73%,LD,27-08-2026 To 02-09-2026,27.1,150,-82%,LD,01-06-2026 To 02-09-2026,2749.6,1912.1,44%,"E","From 01-09-2026 To 02-09-2026",14.3,31.5,-55%,"D"
DADRA & NAGAR HAVELI AND DAMAN & DIU (UT),2026-09-03,1,18.8,-95%,LD,27-08-2026 To 02-09-2026,27.1,150,-82%,LD,01-06-2026 To 03-09-2026,2750.6,1930.9,42%,"E","From 01-09-2026 To 03-09-2026",15.3,50.3,-70%,LD
DADRA & NAGAR HAVELI AND DAMAN & DIU (UT),2026-09-04,1.3,21.3,-94%,LD,27-08-2026 To 02-09-2026,27.1,150,-82%,LD,01-06-2026 To 04-09-2026,2751.9,1952.2,41%,"E","From 01-09-2026 To 04-09-2026",16.6,71.6,-77%,LD
DADRA & NAGAR HAVELI AND DAMAN & DIU (UT),2026-09-05,3,7.1,-57%,D,27-08-2026 To 02-09-2026,27.1,150,-82%,LD,01-06-2026 To 05-09-2026,2754.9,1959.3,41%,"E","From 01-09-2026 To 05-09-2026",19.6,78.7,-75%,LD
DADRA & NAGAR HAVELI AND DAMAN & DIU (UT),2026-09-06,6.8,7.6,-11%,N,27-08-2026 To 02-09-2026,27.1,150,-82%,LD,01-06-2026 To 06-09-2026,2761.7,1966.9,40%,"E","From 01-09-2026 To 06-09-2026",26.4,86.3,-69%,LD
DADRA & NAGAR HAVELI AND DAMAN & DIU (UT),2026-09-07,6.2,10.6,-42%,D,27-08-2026 To 02-09-2026,27.1,150,-82%,LD,01-06-2026 To 07-09-2026,2767.8,1977.5,40%,"E","From 01-09-2026 To 07-09-2026",32.5,96.9,-66%,LD
DADRA & NAGAR HAVELI AND DAMAN & DIU (UT),2026-09-08,8.9,9.6,-7%,N,27-08-2026 To 02-09-2026,27.1,150,-82%,LD,01-06-2026 To 08-09-2026,2776.7,1987.1,40%,"E","From 01-09-2026 To 08-09-2026",41.5,106.5,-61%,LD
DADRA & NAGAR HAVELI AND DAMAN & DIU (UT),2026-09-09,3.9,14,-72%,LD,03-09-2026 To 09-09-2026,31,89,-65%,LD,01-06-2026 To 09-09-2026,2780.6,2001.1,39%,"E","From 01-09-2026 To 09-09-2026",45.3,120.5,-62%,LD
DADRA & NAGAR HAVELI AND DAMAN & DIU (UT),2026-09-10,0.5,10.7,-95%,LD,03-09-2026 To 09-09-2026,31,89,-65%,LD,01-06-2026 To 10-09-2026,2781.1,2011.8,38%,"E","From 01-09-2026 To 10-09-2026",45.9,131.2,-65%,LD
DADRA & NAGAR HAVELI AND DAMAN & DIU (UT),2026-09-11,7.2,8.1,-11%,N,03-09-2026 To 09-09-2026,31,89,-65%,LD,01-06-2026 To 11-09-2026,2788.4,2019.9,38%,"E","From 01-09-2026 To 11-09-2026",53.1,139.3,-62%,LD
DADRA & NAGAR HAVELI AND DAMAN & DIU (UT),2026-09-12,0,6.8,-100%,NR,03-09-2026 To 09-09-2026,31,89,-65%,LD,01-06-2026 To 12-09-2026,2788.4,2026.7,38%,"E","From 01-09-2026 To 12-09-2026",53.1,146.1,-64%,LD
DAMAN & DIU (UT),2022-05-31,0,2.1,-100%,NR,26-05-2022 To 01-06-2022,0,8.8,-100%,NR,"01-03-2022 To 31-05-2022",1.3,6.5,-80%,LD,"01-05-2022 To 31-05-2022",0.4,6.2,-94%,LD
DELHI (UT),2026-08-19,0.7,5.5,-88%,LD,13-08-2026 To 19-08-2026,14.9,48.8,-69%,LD,01-06-2026 To 19-08-2026,414.3,375.2,10%,"N","From 01-08-2026 To 19-08-2026",178.3,123.6,44%,"E"
DELHI (UT),2026-08-20,7.8,9.4,-17%,N,13-08-2026 To 19-08-2026,14.9,48.8,-69%,LD,01-06-2026 To 20-08-2026,421.9,384.6,10%,"N","From 01-08-2026 To 20-08-2026",185.9,133,40%,"E"
DELHI (UT),2026-08-21,0.8,3.8,-80%,LD,13-08-2026 To 19-08-2026,14.9,48.8,-69%,LD,01-06-2026 To 21-08-2026,422.7,388.4,9%,"N","From 01-08-2026 To 21-08-2026",186.7,136.8,36%,"E"
DELHI (UT),2026-08-22,6.1,5.8,5%,N,13-08-2026 To 19-08-2026,14.9,48.8,-69%,LD,01-06-2026 To 22-08-2026,428.8,394.2,9%,"N","From 01-08-2026 To 22-08-2026",192.8,142.6,35%,"E"
DELHI (UT),2026-08-23,2.9,6.1,-52%,D,13-08-2026 To 19-08-2026,14.9,48.8,-69%,LD,01-06-2026 To 23-08-2026,431.7,400.3,8%,"N","From 01-08-2026 To 23-08-2026",195.7,148.7,32%,"E"
DELHI (UT),2026-08-24,4.9,7.7,-36%,D,13-08-2026 To 19-08-2026,14.9,48.8,-69%,LD,01-06-2026 To 24-08-2026,436.6,408,7%,"N","From 01-08-2026 To 24-08-2026",200.7,156.4,28%,"E"
DELHI (UT),2026-08-25,51.9,3,1631%,LE,13-08-2026 To 19-08-2026,14.9,48.8,-69%,LD,01-06-2026 To 25-08-2026,488.6,411,19%,"N","From 01-08-2026 To 25-08-2026",252.6,159.4,58%,"E"
DELHI (UT),2026-08-26,10.1,4.8,111%,LE,20-08-2026 To 26-08-2026,84.4,40.6,108%,LE,01-06-2026 To 26-08-2026,498.7,415.8,20%,"E","From 01-08-2026 To 26-08-2026",262.7,164.2,60%,LE
DELHI (UT),2026-08-27,0.9,4.8,-81%,LD,20-08-2026 To 26-08-2026,84.4,40.6,108%,LE,01-06-2026 To 27-08-2026,499.5,420.6,19%,"N","From 01-08-2026 To 27-08-2026",263.6,169,56%,"E"
DELHI (UT),2026-08-28,1.5,5.6,-73%,LD,20-08-2026 To 26-08-2026,84.4,40.6,108%,LE,01-06-2026 To 28-08-2026,501,426.2,18%,"N","From 01-08-2026 To 28-08-2026",265,174.6,52%,"E"
DELHI (UT),2026-08-29,0,5.9,-100%,NR,20-08-2026 To 26-08-2026,84.4,40.6,108%,LE,01-06-2026 To 29-08-2026,501,432.1,16%,"N","From 01-08-2026 To 29-08-2026",265,180.5,47%,"E"
DELHI (UT),2026-08-30,0,3.8,-100%,NR,20-08-2026 To 26-08-2026,84.4,40.6,108%,LE,01-06-2026 To 30-08-2026,501,435.9,15%,"N","From 01-08-2026 To 30-08-2026",265,184.3,44%,"E"
DELHI (UT),2026-08-31,0,3.3,-100%,NR,20-08-2026 To 26-08-2026,84.4,40.6,108%,LE,01-06-2026 To 31-08-2026,501,439.2,14%,"N","From 01-08-2026 To 31-08-2026",265,187.6,41%,"E"
DELHI (UT),2026-09-01,0,7.4,-100%,NR,20-08-2026 To 26-08-2026,84.4,40.6,108%,LE,01-06-2026 To 01-09-2026,501,446.6,12%,"N","From 01-08-2026 To 31-08-2026",265,187.6,41%,"E"
DELHI (UT),2026-09-02,6.6,5.5,20%,E,27-08-2026 To 02-09-2026,8.9,36.3,-75%,LD,01-06-2026 To 02-09-2026,507.6,452.1,12%,"N","From 01-09-2026 To 02-09-2026",6.6,12.9,-49%,"D"
DELHI (UT),2026-09-03,2.2,5.4,-60%,LD,27-08-2026 To 02-09-2026,8.9,36.3,-75%,LD,01-06-2026 To 03-09-2026,509.8,457.5,11%,"N","From 01-09-2026 To 03-09-2026",8.8,18.3,-52%,"D"
DELHI (UT),2026-09-04,0.5,6.8,-92%,LD,27-08-2026 To 02-09-2026,8.9,36.3,-75%,LD,01-06-2026 To 04-09-2026,510.3,464.3,10%,"N","From 01-09-2026 To 04-09-2026",9.3,25.1,-63%,LD
DELHI (UT),2026-09-05,23.7,5.3,347%,LE,27-08-2026 To 02-09-2026,8.9,36.3,-75%,LD,01-06-2026 To 05-09-2026,534,469.6,14%,"N","From 01-09-2026 To 05-09-2026",33,30.4,9%,"N"
DELHI (UT),2026-09-06,14.7,5.7,159%,LE,27-08-2026 To 02-09-2026,8.9,36.3,-75%,LD,01-06-2026 To 06-09-2026,548.7,475.3,15%,"N","From 01-09-2026 To 06-09-2026",47.7,36.1,32%,"E"
DELHI (UT),2026-09-07,5.6,5.6,0%,N,27-08-2026 To 02-09-2026,8.9,36.3,-75%,LD,01-06-2026 To 07-09-2026,553.5,480.9,15%,"N","From 01-09-2026 To 07-09-2026",52.5,41.7,26%,"E"
DELHI (UT),2026-09-08,0,4.2,-100%,NR,27-08-2026 To 02-09-2026,8.9,36.3,-75%,LD,01-06-2026 To 08-09-2026,553.5,485.1,14%,"N","From 01-09-2026 To 08-09-2026",52.5,45.9,14%,"N"
DELHI (UT),2026-09-09,0,6.5,-100%,NR,03-09-2026 To 09-09-2026,45.9,39.5,16%,N,01-06-2026 To 09-09-2026,553.5,491.6,13%,"N","From 01-09-2026 To 09-09-2026",52.5,52.4,0%,"N"
DELHI (UT),2026-09-10,0,4.8,-100%,NR,03-09-2026 To 09-09-2026,45.9,39.5,16%,N,01-06-2026 To 10-09-2026,553.5,496.4,11%,"N","From 01-09-2026 To 10-09-2026",52.5,57.2,-8%,"N"
DELHI (UT),2026-09-11,0,3,-100%,NR,03-09-2026 To 09-09-2026,45.9,39.5,16%,N,01-06-2026 To 11-09-2026,553.5,499.4,11%,"N","From 01-09-2026 To 11-09-2026",52.5,60.2,-13%,"N"
DELHI (UT),2026-09-12,6.9,4.4,57%,E,03-09-2026 To 09-09-2026,45.9,39.5,16%,N,01-06-2026 To 12-09-2026,560.4,503.8,11%,"N","From 01-09-2026 To 12-09-2026",59.4,64.6,-8%,"N"
GOA,2026-08-19,15.7,18.1,-13%,N,13-08-2026 To 19-08-2026,112.1,156.5,-28%,D,01-06-2026 To 19-08-2026,1631.9,2490.5,-34%,"D","From 01-08-2026 To 19-08-2026",376.5,529.5,-29%,"D"
GOA,2026-08-20,21.2,13.8,53%,E,13-08-2026 To 19-08-2026,112.1,156.5,-28%,D,01-06-2026 To 20-08-2026,1653.1,2504.3,-34%,"D","From 01-08-2026 To 20-08-2026",397.7,543.3,-27%,"D"
GOA,2026-08-21,13.4,15.8,-15%,N,13-08-2026 To 19-08-2026,112.1,156.5,-28%,D,01-06-2026 To 21-08-2026,1666.5,2520.1,-34%,"D","From 01-08-2026 To 21-08-2026",411.1,559.1,-26%,"D"
GOA,2026-08-22,17.7,12.1,47%,E,13-08-2026 To 19-08-2026,112.1,156.5,-28%,D,01-06-2026 To 22-08-2026,1684.3,2532.2,-33%,"D","From 01-08-2026 To 22-08-2026",428.9,571.2,-25%,"D"
GOA,2026-08-23,11.6,13.7,-16%,N,13-08-2026 To 19-08-2026,112.1,156.5,-28%,D,01-06-2026 To 23-08-2026,1695.8,2545.9,-33%,"D","From 01-08-2026 To 23-08-2026",440.4,584.9,-25%,"D"
GOA,2026-08-24,17.4,16.3,7%,N,13-08-2026 To 19-08-2026,112.1,156.5,-28%,D,01-06-2026 To 24-08-2026,1713.2,2562.2,-33%,"D","From 01-08-2026 To 24-08-2026",457.8,601.2,-24%,"D"
GOA,2026-08-25,7.4,18.6,-60%,LD,13-08-2026 To 19-08-2026,112.1,156.5,-28%,D,01-06-2026 To 25-08-2026,1720.6,2580.8,-33%,"D","From 01-08-2026 To 25-08-2026",465.2,619.8,-25%,"D"
GOA,2026-08-26,7.9,16.7,-53%,D,20-08-2026 To 26-08-2026,96.6,107,-10%,N,01-06-2026 To 26-08-2026,1728.5,2597.5,-33%,"D","From 01-08-2026 To 26-08-2026",473.1,636.5,-26%,"D"
GOA,2026-08-27,5.2,16.4,-69%,LD,20-08-2026 To 26-08-2026,96.6,107,-10%,N,01-06-2026 To 27-08-2026,1733.7,2613.9,-34%,"D","From 01-08-2026 To 27-08-2026",478.3,652.9,-27%,"D"
GOA,2026-08-28,5.5,17.8,-69%,LD,20-08-2026 To 26-08-2026,96.6,107,-10%,N,01-06-2026 To 28-08-2026,1739.2,2631.7,-34%,"D","From 01-08-2026 To 28-08-2026",483.8,670.7,-28%,"D"
GOA,2026-08-29,4.1,18.7,-78%,LD,20-08-2026 To 26-08-2026,96.6,107,-10%,N,01-06-2026 To 29-08-2026,1743.3,2650.4,-34%,"D","From 01-08-2026 To 29-08-2026",487.9,689.4,-29%,"D"
GOA,2026-08-30,44,20.7,113%,LE,20-08-2026 To 26-08-2026,96.6,107,-10%,N,01-06-2026 To 30-08-2026,1787.3,2671.1,-33%,"D","From 01-08-2026 To 30-08-2026",531.9,710.1,-25%,"D"
GOA,2026-08-31,4.7,18.2,-74%,LD,20-08-2026 To 26-08-2026,96.6,107,-10%,N,01-06-2026 To 31-08-2026,1792,2689.3,-33%,"D","From 01-08-2026 To 31-08-2026",536.6,728.3,-26%,"D"
GOA,2026-09-01,17.4,17.3,0%,N,20-08-2026 To 26-08-2026,96.6,107,-10%,N,01-06-2026 To 01-09-2026,1809.4,2706.6,-33%,"D","From 01-08-2026 To 31-08-2026",536.6,728.3,-26%,"D"
GOA,2026-09-02,16.9,15.3,10%,N,27-08-2026 To 02-09-2026,97.8,124.4,-21%,D,01-06-2026 To 02-09-2026,1826.3,2721.9,-33%,"D","From 01-09-2026 To 02-09-2026",34.3,32.6,5%,"N"
GOA,2026-09-03,14,13.7,2%,N,27-08-2026 To 02-09-2026,97.8,124.4,-21%,D,01-06-2026 To 03-09-2026,1840.3,2735.6,-33%,"D","From 01-09-2026 To 03-09-2026",48.3,46.3,4%,"N"
GOA,2026-09-04,7.4,14.7,-50%,D,27-08-2026 To 02-09-2026,97.8,124.4,-21%,D,01-06-2026 To 04-09-2026,1847.7,2750.3,-33%,"D","From 01-09-2026 To 04-09-2026",55.7,61,-9%,"N"
GOA,2026-09-05,6.3,12,-48%,D,27-08-2026 To 02-09-2026,97.8,124.4,-21%,D,01-06-2026 To 05-09-2026,1854,2762.3,-33%,"D","From 01-09-2026 To 05-09-2026",61.9,73,-15%,"N"
GOA,2026-09-06,2.7,13.4,-80%,LD,27-08-2026 To 02-09-2026,97.8,124.4,-21%,D,01-06-2026 To 06-09-2026,1856.7,2775.7,-33%,"D","From 01-09-2026 To 06-09-2026",64.6,86.4,-25%,"D"
GOA,2026-09-07,0.1,12.7,-99%,LD,27-08-2026 To 02-09-2026,97.8,124.4,-21%,D,01-06-2026 To 07-09-2026,1856.8,2788.4,-33%,"D","From 01-09-2026 To 07-09-2026",64.7,99.1,-35%,"D"
GOA,2026-09-08,10.5,11.7,-10%,N,27-08-2026 To 02-09-2026,97.8,124.4,-21%,D,01-06-2026 To 08-09-2026,1867.3,2800.1,-33%,"D","From 01-09-2026 To 08-09-2026",75.2,110.8,-32%,"D"
GOA,2026-09-09,5.6,10.7,-47%,D,03-09-2026 To 09-09-2026,46.6,88.9,-48%,D,01-06-2026 To 09-09-2026,1872.9,2810.8,-33%,"D","From 01-09-2026 To 09-09-2026",80.9,121.5,-33%,"D"
GOA,2026-09-10,0.7,8.4,-92%,LD,03-09-2026 To 09-09-2026,46.6,88.9,-48%,D,01-06-2026 To 10-09-2026,1873.6,2819.2,-34%,"D","From 01-09-2026 To 10-09-2026",81.6,129.9,-37%,"D"
GOA,2026-09-11,0.1,8.2,-99%,LD,03-09-2026 To 09-09-2026,46.6,88.9,-48%,D,01-06-2026 To 11-09-2026,1873.7,2827.4,-34%,"D","From 01-09-2026 To 11-09-2026",81.6,138.1,-41%,"D"
GOA,2026-09-12,0,7.6,-100%,NR,03-09-2026 To 09-09-2026,46.6,88.9,-48%,D,01-06-2026 To 12-09-2026,1873.7,2835,-34%,"D","From 01-09-2026 To 12-09-2026",81.6,145.7,-44%,"D"
GUJARAT,2026-08-19,0.2,4.3,-96%,LD,13-08-2026 To 19-08-2026,20.6,41.5,-50%,D,01-06-2026 To 19-08-2026,513.2,522.3,-2%,"N","From 01-08-2026 To 19-08-2026",129.1,151.5,-15%,"N"
GUJARAT,2026-08-20,0.1,4.4,-98%,LD,13-08-2026 To 19-08-2026,20.6,41.5,-50%,D,01-06-2026 To 20-08-2026,513.3,526.7,-3%,"N","From 01-08-2026 To 20-08-2026",129.2,155.9,-17%,"N"
GUJARAT,2026-08-21,0.4,3.8,-90%,LD,13-08-2026 To 19-08-2026,20.6,41.5,-50%,D,01-06-2026 To 21-08-2026,513.7,530.5,-3%,"N","From 01-08-2026 To 21-08-2026",129.6,159.7,-19%,"N"
GUJARAT,2026-08-22,0.6,3.9,-85%,LD,13-08-2026 To 19-08-2026,20.6,41.5,-50%,D,01-06-2026 To 22-08-2026,514.2,534.4,-4%,"N","From 01-08-2026 To 22-08-2026",130.2,163.6,-20%,"D"
GUJARAT,2026-08-23,0.5,4.6,-90%,LD,13-08-2026 To 19-08-2026,20.6,41.5,-50%,D,01-06-2026 To 23-08-2026,514.7,539,-5%,"N","From 01-08-2026 To 23-08-2026",130.7,168.2,-22%,"D"
GUJARAT,2026-08-24,0.4,7.7,-95%,LD,13-08-2026 To 19-08-2026,20.6,41.5,-50%,D,01-06-2026 To 24-08-2026,515.1,546.7,-6%,"N","From 01-08-2026 To 24-08-2026",131.1,175.9,-25%,"D"
GUJARAT,2026-08-25,0.2,6.6,-97%,LD,13-08-2026 To 19-08-2026,20.6,41.5,-50%,D,01-06-2026 To 25-08-2026,515.3,553.3,-7%,"N","From 01-08-2026 To 25-08-2026",131.2,182.5,-28%,"D"
GUJARAT,2026-08-26,0.2,5,-97%,LD,20-08-2026 To 26-08-2026,2.2,36,-94%,LD,01-06-2026 To 26-08-2026,515.4,558.3,-8%,"N","From 01-08-2026 To 26-08-2026",131.4,187.5,-30%,"D"
GUJARAT,2026-08-27,0.1,4.9,-98%,LD,20-08-2026 To 26-08-2026,2.2,36,-94%,LD,01-06-2026 To 27-08-2026,515.5,563.2,-8%,"N","From 01-08-2026 To 27-08-2026",131.5,192.4,-32%,"D"
GUJARAT,2026-08-28,0.1,6,-99%,LD,20-08-2026 To 26-08-2026,2.2,36,-94%,LD,01-06-2026 To 28-08-2026,515.6,569.2,-9%,"N","From 01-08-2026 To 28-08-2026",131.5,198.4,-34%,"D"
GUJARAT,2026-08-29,0.1,7.7,-99%,LD,20-08-2026 To 26-08-2026,2.2,36,-94%,LD,01-06-2026 To 29-08-2026,515.7,576.9,-11%,"N","From 01-08-2026 To 29-08-2026",131.6,206.1,-36%,"D"
GUJARAT,2026-08-30,0.1,9.3,-99%,LD,20-08-2026 To 26-08-2026,2.2,36,-94%,LD,01-06-2026 To 30-08-2026,515.8,586.2,-12%,"N","From 01-08-2026 To 30-08-2026",131.7,215.4,-39%,"D"
GUJARAT,2026-08-31,0.3,8.6,-97%,LD,20-08-2026 To 26-08-2026,2.2,36,-94%,LD,01-06-2026 To 31-08-2026,516,594.8,-13%,"N","From 01-08-2026 To 31-08-2026",132,224,-41%,"D"
GUJARAT,2026-09-01,0.4,6.1,-94%,LD,20-08-2026 To 26-08-2026,2.2,36,-94%,LD,01-06-2026 To 01-09-2026,516.4,600.9,-14%,"N","From 01-08-2026 To 31-08-2026",132,224,-41%,"D"
GUJARAT,2026-09-02,0.2,4.2,-95%,LD,27-08-2026 To 02-09-2026,1.2,46.8,-97%,LD,01-06-2026 To 02-09-2026,516.6,605.1,-15%,"N","From 01-09-2026 To 02-09-2026",0.6,10.3,-94%,LD
GUJARAT,2026-09-03,0.2,4.9,-97%,LD,27-08-2026 To 02-09-2026,1.2,46.8,-97%,LD,01-06-2026 To 03-09-2026,516.8,610,-15%,"N","From 01-09-2026 To 03-09-2026",0.8,15.2,-95%,LD
GUJARAT,2026-09-04,0.1,5.1,-97%,LD,27-08-2026 To 02-09-2026,1.2,46.8,-97%,LD,01-06-2026 To 04-09-2026,516.9,615.1,-16%,"N","From 01-09-2026 To 04-09-2026",0.9,20.3,-96%,LD
GUJARAT,2026-09-05,0.3,4.2,-93%,LD,27-08-2026 To 02-09-2026,1.2,46.8,-97%,LD,01-06-2026 To 05-09-2026,517.2,619.3,-16%,"N","From 01-09-2026 To 05-09-2026",1.2,24.5,-95%,LD
GUJARAT,2026-09-06,0.2,3.9,-96%,LD,27-08-2026 To 02-09-2026,1.2,46.8,-97%,LD,01-06-2026 To 06-09-2026,517.3,623.2,-17%,"N","From 01-09-2026 To 06-09-2026",1.3,28.4,-95%,LD
GUJARAT,2026-09-07,0.3,6.2,-95%,LD,27-08-2026 To 02-09-2026,1.2,46.8,-97%,LD,01-06-2026 To 07-09-2026,517.6,629.4,-18%,"N","From 01-09-2026 To 07-09-2026",1.6,34.6,-95%,LD
GUJARAT,2026-09-08,0.4,5.2,-93%,LD,27-08-2026 To 02-09-2026,1.2,46.8,-97%,LD,01-06-2026 To 08-09-2026,518,634.6,-18%,"N","From 01-09-2026 To 08-09-2026",2,39.8,-95%,LD
GUJARAT,2026-09-09,0,4.5,-99%,LD,03-09-2026 To 09-09-2026,1.4,34,-96%,LD,01-06-2026 To 09-09-2026,518,639.1,-19%,"N","From 01-09-2026 To 09-09-2026",2,44.3,-95%,LD
GUJARAT,2026-09-10,1.2,4.6,-75%,LD,03-09-2026 To 09-09-2026,1.4,34,-96%,LD,01-06-2026 To 10-09-2026,519.2,643.7,-19%,"N","From 01-09-2026 To 10-09-2026",3.2,48.9,-93%,LD
GUJARAT,2026-09-11,0.2,3.3,-93%,LD,03-09-2026 To 09-09-2026,1.4,34,-96%,LD,01-06-2026 To 11-09-2026,519.5,647,-20%,"D","From 01-09-2026 To 11-09-2026",3.4,52.2,-93%,LD
GUJARAT,2026-09-12,0.4,4.5,-91%,LD,03-09-2026 To 09-09-2026,1.4,34,-96%,LD,01-06-2026 To 12-09-2026,519.9,651.5,-20%,"D","From 01-09-2026 To 12-09-2026",3.9,56.7,-93%,LD
HARYANA,2026-08-19,3.9,4.8,-19%,N,13-08-2026 To 19-08-2026,17.9,33.5,-47%,D,01-06-2026 To 19-08-2026,257.9,299.9,-14%,"N","From 01-08-2026 To 19-08-2026",109.9,96.1,14%,"N"
HARYANA,2026-08-20,1.9,4.4,-58%,D,13-08-2026 To 19-08-2026,17.9,33.5,-47%,D,01-06-2026 To 20-08-2026,259.8,304.3,-15%,"N","From 01-08-2026 To 20-08-2026",111.8,100.5,11%,"N"
HARYANA,2026-08-21,2,3.6,-45%,D,13-08-2026 To 19-08-2026,17.9,33.5,-47%,D,01-06-2026 To 21-08-2026,261.7,307.9,-15%,"N","From 01-08-2026 To 21-08-2026",113.7,104.1,9%,"N"
HARYANA,2026-08-22,3.3,4.2,-22%,D,13-08-2026 To 19-08-2026,17.9,33.5,-47%,D,01-06-2026 To 22-08-2026,265,312.1,-15%,"N","From 01-08-2026 To 22-08-2026",117,108.3,8%,"N"
HARYANA,2026-08-23,3.5,5.6,-38%,D,13-08-2026 To 19-08-2026,17.9,33.5,-47%,D,01-06-2026 To 23-08-2026,268.5,317.7,-15%,"N","From 01-08-2026 To 23-08-2026",120.5,113.9,6%,"N"
HARYANA,2026-08-24,1.7,5,-66%,LD,13-08-2026 To 19-08-2026,17.9,33.5,-47%,D,01-06-2026 To 24-08-2026,270.1,322.7,-16%,"N","From 01-08-2026 To 24-08-2026",122.2,118.9,3%,"N"
HARYANA,2026-08-25,8.2,3.5,134%,LE,13-08-2026 To 19-08-2026,17.9,33.5,-47%,D,01-06-2026 To 25-08-2026,278.3,326.2,-15%,"N","From 01-08-2026 To 25-08-2026",130.3,122.4,6%,"N"
HARYANA,2026-08-26,1.9,4,-53%,D,20-08-2026 To 26-08-2026,22.3,30.3,-26%,D,01-06-2026 To 26-08-2026,280.2,330.2,-15%,"N","From 01-08-2026 To 26-08-2026",132.2,126.4,5%,"N"
HARYANA,2026-08-27,0.3,5.1,-93%,LD,20-08-2026 To 26-08-2026,22.3,30.3,-26%,D,01-06-2026 To 27-08-2026,280.6,335.3,-16%,"N","From 01-08-2026 To 27-08-2026",132.6,131.5,1%,"N"
HARYANA,2026-08-28,0.7,5.7,-87%,LD,20-08-2026 To 26-08-2026,22.3,30.3,-26%,D,01-06-2026 To 28-08-2026,281.3,341,-18%,"N","From 01-08-2026 To 28-08-2026",133.3,137.2,-3%,"N"
HARYANA,2026-08-29,0.5,3.6,-86%,LD,20-08-2026 To 26-08-2026,22.3,30.3,-26%,D,01-06-2026 To 29-08-2026,281.8,344.6,-18%,"N","From 01-08-2026 To 29-08-2026",133.8,140.8,-5%,"N"
HARYANA,2026-08-30,0.6,3.1,-79%,LD,20-08-2026 To 26-08-2026,22.3,30.3,-26%,D,01-06-2026 To 30-08-2026,282.5,347.7,-19%,"N","From 01-08-2026 To 30-08-2026",134.5,143.9,-7%,"N"
HARYANA,2026-08-31,0.9,2.2,-57%,D,20-08-2026 To 26-08-2026,22.3,30.3,-26%,D,01-06-2026 To 31-08-2026,283.4,349.9,-19%,"N","From 01-08-2026 To 31-08-2026",135.4,146.1,-7%,"N"
HARYANA,2026-09-01,0.1,3.7,-98%,LD,20-08-2026 To 26-08-2026,22.3,30.3,-26%,D,01-06-2026 To 01-09-2026,283.5,353.6,-20%,"D","From 01-08-2026 To 31-08-2026",135.4,146.1,-7%,"N"
HARYANA,2026-09-02,1.4,3.7,-63%,LD,27-08-2026 To 02-09-2026,4.6,27.1,-83%,LD,01-06-2026 To 02-09-2026,284.9,357.3,-20%,"D","From 01-09-2026 To 02-09-2026",1.4,7.4,-80%,LD
HARYANA,2026-09-03,2.7,3.4,-21%,D,27-08-2026 To 02-09-2026,4.6,27.1,-83%,LD,01-06-2026 To 03-09-2026,287.6,360.7,-20%,"D","From 01-09-2026 To 03-09-2026",4.1,10.8,-62%,LD
HARYANA,2026-09-04,1.6,4.7,-67%,LD,27-08-2026 To 02-09-2026,4.6,27.1,-83%,LD,01-06-2026 To 04-09-2026,289.1,365.4,-21%,"D","From 01-09-2026 To 04-09-2026",5.7,15.5,-63%,LD
HARYANA,2026-09-05,5.6,4.9,15%,N,27-08-2026 To 02-09-2026,4.6,27.1,-83%,LD,01-06-2026 To 05-09-2026,294.8,370.3,-20%,"D","From 01-09-2026 To 05-09-2026",11.3,20.4,-44%,"D"
HARYANA,2026-09-06,4.9,3.6,35%,E,27-08-2026 To 02-09-2026,4.6,27.1,-83%,LD,01-06-2026 To 06-09-2026,299.6,373.9,-20%,"D","From 01-09-2026 To 06-09-2026",16.2,24,-32%,"D"
HARYANA,2026-09-07,2.2,4,-44%,D,27-08-2026 To 02-09-2026,4.6,27.1,-83%,LD,01-06-2026 To 07-09-2026,301.9,377.9,-20%,"D","From 01-09-2026 To 07-09-2026",18.4,28,-34%,"D"
HARYANA,2026-09-08,0.7,3.8,-82%,LD,27-08-2026 To 02-09-2026,4.6,27.1,-83%,LD,01-06-2026 To 08-09-2026,302.6,381.7,-21%,"D","From 01-09-2026 To 08-09-2026",19.1,31.8,-40%,"D"
HARYANA,2026-09-09,0,3.4,-99%,LD,03-09-2026 To 09-09-2026,17.7,27.8,-36%,D,01-06-2026 To 09-09-2026,302.6,385.1,-21%,"D","From 01-09-2026 To 09-09-2026",19.2,35.2,-46%,"D"
HARYANA,2026-09-10,0,3.3,-99%,LD,03-09-2026 To 09-09-2026,17.7,27.8,-36%,D,01-06-2026 To 10-09-2026,302.6,388.4,-22%,"D","From 01-09-2026 To 10-09-2026",19.2,38.5,-50%,"D"
HARYANA,2026-09-11,0,3.2,-100%,NR,03-09-2026 To 09-09-2026,17.7,27.8,-36%,D,01-06-2026 To 11-09-2026,302.6,391.6,-23%,"D","From 01-09-2026 To 11-09-2026",19.2,41.7,-54%,"D"
HARYANA,2026-09-12,3.9,3.8,2%,N,03-09-2026 To 09-09-2026,17.7,27.8,-36%,D,01-06-2026 To 12-09-2026,306.5,395.4,-22%,"D","From 01-09-2026 To 12-09-2026",23.1,45.5,-49%,"D"
HIMACHAL PRADESH,2026-08-19,24.7,7.8,216%,LE,13-08-2026 To 19-08-2026,59.3,62.4,-5%,N,01-06-2026 To 19-08-2026,503.6,535.4,-6%,"N","From 01-08-2026 To 19-08-2026",162.1,178.4,-9%,"N"
HIMACHAL PRADESH,2026-08-20,4.3,8.2,-47%,D,13-08-2026 To 19-08-2026,59.3,62.4,-5%,N,01-06-2026 To 20-08-2026,507.9,543.6,-7%,"N","From 01-08-2026 To 20-08-2026",166.4,186.6,-11%,"N"
HIMACHAL PRADESH,2026-08-21,0.5,6.8,-92%,LD,13-08-2026 To 19-08-2026,59.3,62.4,-5%,N,01-06-2026 To 21-08-2026,508.5,550.4,-8%,"N","From 01-08-2026 To 21-08-2026",166.9,193.4,-14%,"N"
HIMACHAL PRADESH,2026-08-22,7.8,7.7,1%,N,13-08-2026 To 19-08-2026,59.3,62.4,-5%,N,01-06-2026 To 22-08-2026,516.2,558.1,-8%,"N","From 01-08-2026 To 22-08-2026",174.7,201.1,-13%,"N"
HIMACHAL PRADESH,2026-08-23,9.5,6.6,44%,E,13-08-2026 To 19-08-2026,59.3,62.4,-5%,N,01-06-2026 To 23-08-2026,525.7,564.7,-7%,"N","From 01-08-2026 To 23-08-2026",184.2,207.7,-11%,"N"
HIMACHAL PRADESH,2026-08-24,5.2,6.7,-22%,D,13-08-2026 To 19-08-2026,59.3,62.4,-5%,N,01-06-2026 To 24-08-2026,530.9,571.4,-7%,"N","From 01-08-2026 To 24-08-2026",189.4,214.4,-12%,"N"
HIMACHAL PRADESH,2026-08-25,0.6,6.5,-91%,LD,13-08-2026 To 19-08-2026,59.3,62.4,-5%,N,01-06-2026 To 25-08-2026,531.5,577.9,-8%,"N","From 01-08-2026 To 25-08-2026",190,220.9,-14%,"N"
HIMACHAL PRADESH,2026-08-26,5.7,6.3,-10%,N,20-08-2026 To 26-08-2026,33.5,48.8,-31%,D,01-06-2026 To 26-08-2026,537.1,584.2,-8%,"N","From 01-08-2026 To 26-08-2026",195.6,227.2,-14%,"N"
HIMACHAL PRADESH,2026-08-27,3.6,7.6,-53%,D,20-08-2026 To 26-08-2026,33.5,48.8,-31%,D,01-06-2026 To 27-08-2026,540.7,591.8,-9%,"N","From 01-08-2026 To 27-08-2026",199.2,234.8,-15%,"N"
HIMACHAL PRADESH,2026-08-28,2.7,6.6,-59%,D,20-08-2026 To 26-08-2026,33.5,48.8,-31%,D,01-06-2026 To 28-08-2026,543.4,598.4,-9%,"N","From 01-08-2026 To 28-08-2026",201.9,241.4,-16%,"N"
HIMACHAL PRADESH,2026-08-29,2.3,5.3,-57%,D,20-08-2026 To 26-08-2026,33.5,48.8,-31%,D,01-06-2026 To 29-08-2026,545.7,603.7,-10%,"N","From 01-08-2026 To 29-08-2026",204.2,246.7,-17%,"N"
HIMACHAL PRADESH,2026-08-30,1.1,5,-77%,LD,20-08-2026 To 26-08-2026,33.5,48.8,-31%,D,01-06-2026 To 30-08-2026,546.8,608.7,-10%,"N","From 01-08-2026 To 30-08-2026",205.3,251.7,-18%,"N"
HIMACHAL PRADESH,2026-08-31,10.3,5.1,102%,LE,20-08-2026 To 26-08-2026,33.5,48.8,-31%,D,01-06-2026 To 31-08-2026,557.1,613.8,-9%,"N","From 01-08-2026 To 31-08-2026",215.6,256.8,-16%,"N"
HIMACHAL PRADESH,2026-09-01,5.3,5.1,5%,N,20-08-2026 To 26-08-2026,33.5,48.8,-31%,D,01-06-2026 To 01-09-2026,562.5,618.9,-9%,"N","From 01-08-2026 To 31-08-2026",215.6,256.8,-16%,"N"
HIMACHAL PRADESH,2026-09-02,15.4,5,208%,LE,27-08-2026 To 02-09-2026,40.7,39.7,3%,N,01-06-2026 To 02-09-2026,577.9,623.9,-7%,"N","From 01-09-2026 To 02-09-2026",20.7,10.1,105%,LE
HIMACHAL PRADESH,2026-09-03,6.6,6.3,4%,N,27-08-2026 To 02-09-2026,40.7,39.7,3%,N,01-06-2026 To 03-09-2026,584.5,630.2,-7%,"N","From 01-09-2026 To 03-09-2026",27.3,16.4,67%,LE
HIMACHAL PRADESH,2026-09-04,4.6,6.7,-31%,D,27-08-2026 To 02-09-2026,40.7,39.7,3%,N,01-06-2026 To 04-09-2026,589.1,636.9,-8%,"N","From 01-09-2026 To 04-09-2026",31.9,23.1,38%,"E"
HIMACHAL PRADESH,2026-09-05,2.8,6.4,-56%,D,27-08-2026 To 02-09-2026,40.7,39.7,3%,N,01-06-2026 To 05-09-2026,591.9,643.3,-8%,"N","From 01-09-2026 To 05-09-2026",34.8,29.5,18%,"N"
HIMACHAL PRADESH,2026-09-06,4.2,4.8,-12%,N,27-08-2026 To 02-09-2026,40.7,39.7,3%,N,01-06-2026 To 06-09-2026,596.1,648.1,-8%,"N","From 01-09-2026 To 06-09-2026",39,34.3,14%,"N"
HIMACHAL PRADESH,2026-09-07,1.1,4,-74%,LD,27-08-2026 To 02-09-2026,40.7,39.7,3%,N,01-06-2026 To 07-09-2026,597.2,652.1,-8%,"N","From 01-09-2026 To 07-09-2026",40,38.3,5%,"N"
HIMACHAL PRADESH,2026-09-08,2.1,5.8,-64%,LD,27-08-2026 To 02-09-2026,40.7,39.7,3%,N,01-06-2026 To 08-09-2026,599.2,657.9,-9%,"N","From 01-09-2026 To 08-09-2026",42.1,44.1,-5%,"N"
HIMACHAL PRADESH,2026-09-09,0.8,6,-86%,LD,03-09-2026 To 09-09-2026,22.2,40,-45%,D,01-06-2026 To 09-09-2026,600,663.9,-10%,"N","From 01-09-2026 To 09-09-2026",42.9,50.1,-14%,"N"
HIMACHAL PRADESH,2026-09-10,0.5,6.3,-91%,LD,03-09-2026 To 09-09-2026,22.2,40,-45%,D,01-06-2026 To 10-09-2026,600.6,670.2,-10%,"N","From 01-09-2026 To 10-09-2026",43.5,56.4,-23%,"D"
HIMACHAL PRADESH,2026-09-11,0.3,4,-93%,LD,03-09-2026 To 09-09-2026,22.2,40,-45%,D,01-06-2026 To 11-09-2026,600.8,674.2,-11%,"N","From 01-09-2026 To 11-09-2026",43.7,60.4,-28%,"D"
HIMACHAL PRADESH,2026-09-12,8.1,4.2,92%,LE,03-09-2026 To 09-09-2026,22.2,40,-45%,D,01-06-2026 To 12-09-2026,608.9,678.4,-10%,"N","From 01-09-2026 To 12-09-2026",51.8,64.6,-20%,"D"
JAMMU & KASHMIR (UT),2026-08-19,11.8,4.4,167%,LE,13-08-2026 To 19-08-2026,31.1,42,-26%,D,01-06-2026 To 19-08-2026,417.1,394.1,6%,"N","From 01-08-2026 To 19-08-2026",99.5,125.6,-21%,"D"
JAMMU & KASHMIR (UT),2026-08-20,6,4.8,25%,E,13-08-2026 To 19-08-2026,31.1,42,-26%,D,01-06-2026 To 20-08-2026,423.1,398.9,6%,"N","From 01-08-2026 To 20-08-2026",105.5,130.4,-19%,"N"
JAMMU & KASHMIR (UT),2026-08-21,1.7,5.1,-66%,LD,13-08-2026 To 19-08-2026,31.1,42,-26%,D,01-06-2026 To 21-08-2026,424.7,404,5%,"N","From 01-08-2026 To 21-08-2026",107.1,135.5,-21%,"D"
JAMMU & KASHMIR (UT),2026-08-22,1.7,5,-66%,LD,13-08-2026 To 19-08-2026,31.1,42,-26%,D,01-06-2026 To 22-08-2026,426.4,409,4%,"N","From 01-08-2026 To 22-08-2026",108.8,140.5,-23%,"D"
JAMMU & KASHMIR (UT),2026-08-23,14.7,5.1,189%,LE,13-08-2026 To 19-08-2026,31.1,42,-26%,D,01-06-2026 To 23-08-2026,441.1,414.1,7%,"N","From 01-08-2026 To 23-08-2026",123.5,145.6,-15%,"N"
JAMMU & KASHMIR (UT),2026-08-24,2.8,6.2,-56%,D,13-08-2026 To 19-08-2026,31.1,42,-26%,D,01-06-2026 To 24-08-2026,443.9,420.3,6%,"N","From 01-08-2026 To 24-08-2026",126.3,151.8,-17%,"N"
JAMMU & KASHMIR (UT),2026-08-25,0.2,4.7,-96%,LD,13-08-2026 To 19-08-2026,31.1,42,-26%,D,01-06-2026 To 25-08-2026,444.1,425,4%,"N","From 01-08-2026 To 25-08-2026",126.5,156.5,-19%,"N"
JAMMU & KASHMIR (UT),2026-08-26,0.1,3.8,-99%,LD,20-08-2026 To 26-08-2026,27.1,34.7,-22%,D,01-06-2026 To 26-08-2026,444.1,428.8,4%,"N","From 01-08-2026 To 26-08-2026",126.5,160.3,-21%,"D"
JAMMU & KASHMIR (UT),2026-08-27,2.3,5.4,-58%,D,20-08-2026 To 26-08-2026,27.1,34.7,-22%,D,01-06-2026 To 27-08-2026,446.4,434.2,3%,"N","From 01-08-2026 To 27-08-2026",128.8,165.7,-22%,"D"
JAMMU & KASHMIR (UT),2026-08-28,1.5,7.4,-79%,LD,20-08-2026 To 26-08-2026,27.1,34.7,-22%,D,01-06-2026 To 28-08-2026,447.9,441.6,1%,"N","From 01-08-2026 To 28-08-2026",130.4,173.1,-25%,"D"
JAMMU & KASHMIR (UT),2026-08-29,8.1,3.4,139%,LE,20-08-2026 To 26-08-2026,27.1,34.7,-22%,D,01-06-2026 To 29-08-2026,456.1,445,2%,"N","From 01-08-2026 To 29-08-2026",138.5,176.5,-22%,"D"
JAMMU & KASHMIR (UT),2026-08-30,1.4,3.6,-60%,LD,20-08-2026 To 26-08-2026,27.1,34.7,-22%,D,01-06-2026 To 30-08-2026,457.5,448.6,2%,"N","From 01-08-2026 To 30-08-2026",139.9,180.1,-22%,"D"
JAMMU & KASHMIR (UT),2026-08-31,1.1,4.8,-76%,LD,20-08-2026 To 26-08-2026,27.1,34.7,-22%,D,01-06-2026 To 31-08-2026,458.7,453.4,1%,"N","From 01-08-2026 To 31-08-2026",141.1,184.9,-24%,"D"
JAMMU & KASHMIR (UT),2026-09-01,9.2,3.1,197%,LE,20-08-2026 To 26-08-2026,27.1,34.7,-22%,D,01-06-2026 To 01-09-2026,467.9,456.5,2%,"N","From 01-08-2026 To 31-08-2026",141.1,184.9,-24%,"D"
JAMMU & KASHMIR (UT),2026-09-02,12.6,4.6,174%,LE,27-08-2026 To 02-09-2026,36.4,32.3,13%,N,01-06-2026 To 02-09-2026,480.5,461.1,4%,"N","From 01-09-2026 To 02-09-2026",21.8,7.7,184%,LE
JAMMU & KASHMIR (UT),2026-09-03,1.9,4.8,-60%,LD,27-08-2026 To 02-09-2026,36.4,32.3,13%,N,01-06-2026 To 03-09-2026,482.4,465.9,4%,"N","From 01-09-2026 To 03-09-2026",23.8,12.5,90%,LE
JAMMU & KASHMIR (UT),2026-09-04,5.5,5.1,7%,N,27-08-2026 To 02-09-2026,36.4,32.3,13%,N,01-06-2026 To 04-09-2026,487.9,471,4%,"N","From 01-09-2026 To 04-09-2026",29.2,17.6,66%,LE
JAMMU & KASHMIR (UT),2026-09-05,3.8,6.5,-42%,D,27-08-2026 To 02-09-2026,36.4,32.3,13%,N,01-06-2026 To 05-09-2026,491.3,477.5,3%,"N","From 01-09-2026 To 05-09-2026",32.6,24.1,35%,"E"
JAMMU & KASHMIR (UT),2026-09-06,2.3,3.5,-35%,D,27-08-2026 To 02-09-2026,36.4,32.3,13%,N,01-06-2026 To 06-09-2026,493.6,481,3%,"N","From 01-09-2026 To 06-09-2026",34.9,27.6,26%,"E"
JAMMU & KASHMIR (UT),2026-09-07,0.8,4,-80%,LD,27-08-2026 To 02-09-2026,36.4,32.3,13%,N,01-06-2026 To 07-09-2026,494.4,485,2%,"N","From 01-09-2026 To 07-09-2026",35.7,31.6,13%,"N"
JAMMU & KASHMIR (UT),2026-09-08,0.1,3.7,-98%,LD,27-08-2026 To 02-09-2026,36.4,32.3,13%,N,01-06-2026 To 08-09-2026,494.4,488.7,1%,"N","From 01-09-2026 To 08-09-2026",35.7,35.3,1%,"N"
JAMMU & KASHMIR (UT),2026-09-09,0.7,5.1,-86%,LD,03-09-2026 To 09-09-2026,14.6,32.7,-55%,D,01-06-2026 To 09-09-2026,495.1,493.8,0%,"N","From 01-09-2026 To 09-09-2026",36.5,40.4,-10%,"N"
JAMMU & KASHMIR (UT),2026-09-10,1.8,5.9,-70%,LD,03-09-2026 To 09-09-2026,14.6,32.7,-55%,D,01-06-2026 To 10-09-2026,496.9,499.7,-1%,"N","From 01-09-2026 To 10-09-2026",38.2,46.3,-17%,"N"
JAMMU & KASHMIR (UT),2026-09-11,0,3.6,-100%,NR,03-09-2026 To 09-09-2026,14.6,32.7,-55%,D,01-06-2026 To 11-09-2026,496.9,503.3,-1%,"N","From 01-09-2026 To 11-09-2026",38.2,49.9,-23%,"D"
JAMMU & KASHMIR (UT),2026-09-12,3.3,2.2,51%,E,03-09-2026 To 09-09-2026,14.6,32.7,-55%,D,01-06-2026 To 12-09-2026,500.2,505.5,-1%,"N","From 01-09-2026 To 12-09-2026",41.5,52.1,-20%,"D"
JHARKHAND,2026-08-19,27,10.7,152%,LE,13-08-2026 To 19-08-2026,144.5,72.9,98%,LE,01-06-2026 To 19-08-2026,612.6,700.5,-13%,"N","From 01-08-2026 To 19-08-2026",252.5,192.3,31%,"E"
JHARKHAND,2026-08-20,3.3,11.2,-71%,LD,13-08-2026 To 19-08-2026,144.5,72.9,98%,LE,01-06-2026 To 20-08-2026,615.6,711.7,-14%,"N","From 01-08-2026 To 20-08-2026",255.4,203.5,26%,"E"
JHARKHAND,2026-08-21,0.8,9.5,-92%,LD,13-08-2026 To 19-08-2026,144.5,72.9,98%,LE,01-06-2026 To 21-08-2026,616.3,721.2,-15%,"N","From 01-08-2026 To 21-08-2026",256.2,213,20%,"E"
JHARKHAND,2026-08-22,0.4,9.3,-96%,LD,13-08-2026 To 19-08-2026,144.5,72.9,98%,LE,01-06-2026 To 22-08-2026,616.7,730.5,-16%,"N","From 01-08-2026 To 22-08-2026",256.6,222.3,15%,"N"
JHARKHAND,2026-08-23,3.5,7.8,-55%,D,13-08-2026 To 19-08-2026,144.5,72.9,98%,LE,01-06-2026 To 23-08-2026,620,738.3,-16%,"N","From 01-08-2026 To 23-08-2026",259.9,230.1,13%,"N"
JHARKHAND,2026-08-24,18.9,6.2,205%,LE,13-08-2026 To 19-08-2026,144.5,72.9,98%,LE,01-06-2026 To 24-08-2026,637.7,744.5,-14%,"N","From 01-08-2026 To 24-08-2026",277.6,236.3,17%,"N"
JHARKHAND,2026-08-25,16.5,6.9,139%,LE,13-08-2026 To 19-08-2026,144.5,72.9,98%,LE,01-06-2026 To 25-08-2026,653.8,751.4,-13%,"N","From 01-08-2026 To 25-08-2026",293.7,243.2,21%,"E"
JHARKHAND,2026-08-26,5.6,7.7,-28%,D,20-08-2026 To 26-08-2026,47.6,58.6,-19%,N,01-06-2026 To 26-08-2026,659.3,759.1,-13%,"N","From 01-08-2026 To 26-08-2026",299.2,250.9,19%,"N"
JHARKHAND,2026-08-27,4.8,9.4,-49%,D,20-08-2026 To 26-08-2026,47.6,58.6,-19%,N,01-06-2026 To 27-08-2026,664,768.5,-14%,"N","From 01-08-2026 To 27-08-2026",303.9,260.3,17%,"N"
JHARKHAND,2026-08-28,14.6,9.8,49%,E,20-08-2026 To 26-08-2026,47.6,58.6,-19%,N,01-06-2026 To 28-08-2026,677.2,778.3,-13%,"N","From 01-08-2026 To 28-08-2026",317.1,270.1,17%,"N"
JHARKHAND,2026-08-29,14.7,8.2,80%,LE,20-08-2026 To 26-08-2026,47.6,58.6,-19%,N,01-06-2026 To 29-08-2026,691,786.5,-12%,"N","From 01-08-2026 To 29-08-2026",330.9,278.3,19%,"N"
JHARKHAND,2026-08-30,19.4,6,223%,LE,20-08-2026 To 26-08-2026,47.6,58.6,-19%,N,01-06-2026 To 30-08-2026,710,792.5,-10%,"N","From 01-08-2026 To 30-08-2026",349.9,284.3,23%,"E"
JHARKHAND,2026-08-31,21.9,6.4,241%,LE,20-08-2026 To 26-08-2026,47.6,58.6,-19%,N,01-06-2026 To 31-08-2026,730.4,798.9,-9%,"N","From 01-08-2026 To 31-08-2026",370.3,290.7,27%,"E"
JHARKHAND,2026-09-01,38.3,8.2,367%,LE,20-08-2026 To 26-08-2026,47.6,58.6,-19%,N,01-06-2026 To 01-09-2026,766.3,807.1,-5%,"N","From 01-08-2026 To 31-08-2026",370.3,290.7,27%,"E"
JHARKHAND,2026-09-02,31.6,8.5,271%,LE,27-08-2026 To 02-09-2026,140.6,56.5,149%,LE,01-06-2026 To 02-09-2026,797.3,815.6,-2%,"N","From 01-09-2026 To 02-09-2026",68.2,16.7,308%,LE
JHARKHAND,2026-09-03,5.3,8.1,-34%,D,27-08-2026 To 02-09-2026,140.6,56.5,149%,LE,01-06-2026 To 03-09-2026,802.7,823.7,-3%,"N","From 01-09-2026 To 03-09-2026",72.2,24.8,191%,LE
JHARKHAND,2026-09-04,0.8,8.1,-90%,LD,27-08-2026 To 02-09-2026,140.6,56.5,149%,LE,01-06-2026 To 04-09-2026,803.4,831.8,-3%,"N","From 01-09-2026 To 04-09-2026",73,32.9,122%,LE
JHARKHAND,2026-09-05,0.3,8.4,-96%,LD,27-08-2026 To 02-09-2026,140.6,56.5,149%,LE,01-06-2026 To 05-09-2026,803.8,840.2,-4%,"N","From 01-09-2026 To 05-09-2026",73.3,41.3,78%,LE
JHARKHAND,2026-09-06,1,10.3,-90%,LD,27-08-2026 To 02-09-2026,140.6,56.5,149%,LE,01-06-2026 To 06-09-2026,804.7,850.5,-5%,"N","From 01-09-2026 To 06-09-2026",74.2,51.6,44%,"E"
JHARKHAND,2026-09-07,6.4,9,-29%,D,27-08-2026 To 02-09-2026,140.6,56.5,149%,LE,01-06-2026 To 07-09-2026,812.8,859.5,-5%,"N","From 01-09-2026 To 07-09-2026",82.3,60.6,36%,"E"
JHARKHAND,2026-09-08,3.2,6.7,-52%,D,27-08-2026 To 02-09-2026,140.6,56.5,149%,LE,01-06-2026 To 08-09-2026,815.9,866.2,-6%,"N","From 01-09-2026 To 08-09-2026",85.5,67.3,27%,"E"
JHARKHAND,2026-09-09,8.6,7.6,14%,N,03-09-2026 To 09-09-2026,25.2,58.2,-57%,D,01-06-2026 To 09-09-2026,824.4,873.8,-6%,"N","From 01-09-2026 To 09-09-2026",94,74.9,25%,"E"
JHARKHAND,2026-09-10,11.5,8.4,37%,E,03-09-2026 To 09-09-2026,25.2,58.2,-57%,D,01-06-2026 To 10-09-2026,835.7,882.2,-5%,"N","From 01-09-2026 To 10-09-2026",105.2,83.3,26%,"E"
JHARKHAND,2026-09-11,7.9,8.4,-6%,N,03-09-2026 To 09-09-2026,25.2,58.2,-57%,D,01-06-2026 To 11-09-2026,843.4,890.6,-5%,"N","From 01-09-2026 To 11-09-2026",112.9,91.7,23%,"E"
JHARKHAND,2026-09-12,6.9,9,-24%,D,03-09-2026 To 09-09-2026,25.2,58.2,-57%,D,01-06-2026 To 12-09-2026,849.8,899.6,-6%,"N","From 01-09-2026 To 12-09-2026",119.3,100.7,19%,"N"
KARNATAKA,2026-08-19,5,6.1,-18%,N,13-08-2026 To 19-08-2026,26.7,48.5,-45%,D,01-06-2026 To 19-08-2026,469.2,600.5,-22%,"D","From 01-08-2026 To 19-08-2026",125.8,147.4,-15%,"N"
KARNATAKA,2026-08-20,4.9,5.9,-17%,N,13-08-2026 To 19-08-2026,26.7,48.5,-45%,D,01-06-2026 To 20-08-2026,474,606.4,-22%,"D","From 01-08-2026 To 20-08-2026",130.6,153.3,-15%,"N"
KARNATAKA,2026-08-21,1.5,6,-75%,LD,13-08-2026 To 19-08-2026,26.7,48.5,-45%,D,01-06-2026 To 21-08-2026,475.4,612.4,-22%,"D","From 01-08-2026 To 21-08-2026",132,159.3,-17%,"N"
KARNATAKA,2026-08-22,2.3,6.6,-65%,LD,13-08-2026 To 19-08-2026,26.7,48.5,-45%,D,01-06-2026 To 22-08-2026,477.7,619,-23%,"D","From 01-08-2026 To 22-08-2026",134.3,165.9,-19%,"N"
KARNATAKA,2026-08-23,5.1,5.5,-8%,N,13-08-2026 To 19-08-2026,26.7,48.5,-45%,D,01-06-2026 To 23-08-2026,482.7,624.5,-23%,"D","From 01-08-2026 To 23-08-2026",139.3,171.4,-19%,"N"
KARNATAKA,2026-08-24,8.9,6.3,41%,E,13-08-2026 To 19-08-2026,26.7,48.5,-45%,D,01-06-2026 To 24-08-2026,491.4,630.8,-22%,"D","From 01-08-2026 To 24-08-2026",148,177.7,-17%,"N"
KARNATAKA,2026-08-25,6.4,5.8,10%,N,13-08-2026 To 19-08-2026,26.7,48.5,-45%,D,01-06-2026 To 25-08-2026,497.8,636.6,-22%,"D","From 01-08-2026 To 25-08-2026",154.4,183.5,-16%,"N"
KARNATAKA,2026-08-26,4.4,6.4,-32%,D,20-08-2026 To 26-08-2026,33,42.5,-22%,D,01-06-2026 To 26-08-2026,502.2,643,-22%,"D","From 01-08-2026 To 26-08-2026",158.8,189.9,-16%,"N"
KARNATAKA,2026-08-27,2,5.7,-64%,LD,20-08-2026 To 26-08-2026,33,42.5,-22%,D,01-06-2026 To 27-08-2026,504.2,648.7,-22%,"D","From 01-08-2026 To 27-08-2026",160.8,195.6,-18%,"N"
KARNATAKA,2026-08-28,2.4,5.6,-57%,D,20-08-2026 To 26-08-2026,33,42.5,-22%,D,01-06-2026 To 28-08-2026,506.6,654.3,-23%,"D","From 01-08-2026 To 28-08-2026",163.2,201.2,-19%,"N"
KARNATAKA,2026-08-29,3.1,5.6,-45%,D,20-08-2026 To 26-08-2026,33,42.5,-22%,D,01-06-2026 To 29-08-2026,509.6,659.9,-23%,"D","From 01-08-2026 To 29-08-2026",166.2,206.8,-20%,"D"
KARNATAKA,2026-08-30,2.2,4.9,-55%,D,20-08-2026 To 26-08-2026,33,42.5,-22%,D,01-06-2026 To 30-08-2026,511.8,664.8,-23%,"D","From 01-08-2026 To 30-08-2026",168.4,211.7,-20%,"D"
KARNATAKA,2026-08-31,2.4,5.4,-55%,D,20-08-2026 To 26-08-2026,33,42.5,-22%,D,01-06-2026 To 31-08-2026,514.2,670.2,-23%,"D","From 01-08-2026 To 31-08-2026",170.8,217.1,-21%,"D"
KARNATAKA,2026-09-01,1.6,5.4,-70%,LD,20-08-2026 To 26-08-2026,33,42.5,-22%,D,01-06-2026 To 01-09-2026,515.9,675.6,-24%,"D","From 01-08-2026 To 31-08-2026",170.8,217.1,-21%,"D"
KARNATAKA,2026-09-02,1.9,5.3,-64%,LD,27-08-2026 To 02-09-2026,15.6,37.9,-59%,D,01-06-2026 To 02-09-2026,517.8,680.9,-24%,"D","From 01-09-2026 To 02-09-2026",3.5,10.7,-67%,LD
KARNATAKA,2026-09-03,1.9,5.3,-64%,LD,27-08-2026 To 02-09-2026,15.6,37.9,-59%,D,01-06-2026 To 03-09-2026,519.6,686.2,-24%,"D","From 01-09-2026 To 03-09-2026",5.4,16,-66%,LD
KARNATAKA,2026-09-04,1.5,5.5,-73%,LD,27-08-2026 To 02-09-2026,15.6,37.9,-59%,D,01-06-2026 To 04-09-2026,521.1,691.7,-25%,"D","From 01-09-2026 To 04-09-2026",6.8,21.5,-68%,LD
KARNATAKA,2026-09-05,0.7,5.1,-87%,LD,27-08-2026 To 02-09-2026,15.6,37.9,-59%,D,01-06-2026 To 05-09-2026,521.7,696.8,-25%,"D","From 01-09-2026 To 05-09-2026",7.5,26.6,-72%,LD
KARNATAKA,2026-09-06,0.8,5.1,-84%,LD,27-08-2026 To 02-09-2026,15.6,37.9,-59%,D,01-06-2026 To 06-09-2026,522.5,701.9,-26%,"D","From 01-09-2026 To 06-09-2026",8.3,31.7,-74%,LD
KARNATAKA,2026-09-07,0.4,5.1,-93%,LD,27-08-2026 To 02-09-2026,15.6,37.9,-59%,D,01-06-2026 To 07-09-2026,522.9,707,-26%,"D","From 01-09-2026 To 07-09-2026",8.6,36.8,-77%,LD
KARNATAKA,2026-09-08,1,4.4,-78%,LD,27-08-2026 To 02-09-2026,15.6,37.9,-59%,D,01-06-2026 To 08-09-2026,523.8,711.4,-26%,"D","From 01-09-2026 To 08-09-2026",9.6,41.2,-77%,LD
KARNATAKA,2026-09-09,0.9,4.5,-80%,LD,03-09-2026 To 09-09-2026,6.9,35,-80%,LD,01-06-2026 To 09-09-2026,524.7,715.9,-27%,"D","From 01-09-2026 To 09-09-2026",10.5,45.7,-77%,LD
KARNATAKA,2026-09-10,0.5,5.1,-90%,LD,03-09-2026 To 09-09-2026,6.9,35,-80%,LD,01-06-2026 To 10-09-2026,525.3,721,-27%,"D","From 01-09-2026 To 10-09-2026",11,50.8,-78%,LD
KARNATAKA,2026-09-11,0.3,4.6,-92%,LD,03-09-2026 To 09-09-2026,6.9,35,-80%,LD,01-06-2026 To 11-09-2026,525.6,725.6,-28%,"D","From 01-09-2026 To 11-09-2026",11.3,55.4,-80%,LD
KARNATAKA,2026-09-12,0,5,-99%,LD,03-09-2026 To 09-09-2026,6.9,35,-80%,LD,01-06-2026 To 12-09-2026,525.6,730.6,-28%,"D","From 01-09-2026 To 12-09-2026",11.4,60.4,-81%,LD
KERALA,2026-08-19,5.4,12.6,-57%,D,13-08-2026 To 19-08-2026,57.1,102.5,-44%,D,01-06-2026 To 19-08-2026,1236.9,1616.3,-23%,"D","From 01-08-2026 To 19-08-2026",378.2,314.6,20%,"E"
KERALA,2026-08-20,4.8,10.4,-54%,D,13-08-2026 To 19-08-2026,57.1,102.5,-44%,D,01-06-2026 To 20-08-2026,1241.7,1626.7,-24%,"D","From 01-08-2026 To 20-08-2026",383,325,18%,"N"
KERALA,2026-08-21,3.2,9.1,-65%,LD,13-08-2026 To 19-08-2026,57.1,102.5,-44%,D,01-06-2026 To 21-08-2026,1244.9,1635.8,-24%,"D","From 01-08-2026 To 21-08-2026",386.2,334.1,16%,"N"
KERALA,2026-08-22,4.1,12.4,-67%,LD,13-08-2026 To 19-08-2026,57.1,102.5,-44%,D,01-06-2026 To 22-08-2026,1249,1648.2,-24%,"D","From 01-08-2026 To 22-08-2026",390.3,346.5,13%,"N"
KERALA,2026-08-23,11.3,11.3,0%,N,13-08-2026 To 19-08-2026,57.1,102.5,-44%,D,01-06-2026 To 23-08-2026,1260.3,1659.5,-24%,"D","From 01-08-2026 To 23-08-2026",401.6,357.8,12%,"N"
KERALA,2026-08-24,23,11.9,94%,LE,13-08-2026 To 19-08-2026,57.1,102.5,-44%,D,01-06-2026 To 24-08-2026,1283.3,1671.4,-23%,"D","From 01-08-2026 To 24-08-2026",424.6,369.7,15%,"N"
KERALA,2026-08-25,43.4,10.3,321%,LE,13-08-2026 To 19-08-2026,57.1,102.5,-44%,D,01-06-2026 To 25-08-2026,1326.7,1681.7,-21%,"D","From 01-08-2026 To 25-08-2026",468,380,23%,"E"
KERALA,2026-08-26,20,10,100%,LE,20-08-2026 To 26-08-2026,109.8,75.4,46%,E,01-06-2026 To 26-08-2026,1346.7,1691.7,-20%,"D","From 01-08-2026 To 26-08-2026",488,390,25%,"E"
KERALA,2026-08-27,9.3,10.6,-13%,N,20-08-2026 To 26-08-2026,109.8,75.4,46%,E,01-06-2026 To 27-08-2026,1356,1702.3,-20%,"D","From 01-08-2026 To 27-08-2026",497.3,400.6,24%,"E"
KERALA,2026-08-28,3.2,10,-68%,LD,20-08-2026 To 26-08-2026,109.8,75.4,46%,E,01-06-2026 To 28-08-2026,1359.2,1712.3,-21%,"D","From 01-08-2026 To 28-08-2026",500.5,410.6,22%,"E"
KERALA,2026-08-29,6,10.9,-45%,D,20-08-2026 To 26-08-2026,109.8,75.4,46%,E,01-06-2026 To 29-08-2026,1365.2,1723.2,-21%,"D","From 01-08-2026 To 29-08-2026",506.5,421.5,20%,"E"
KERALA,2026-08-30,5.2,12,-57%,D,20-08-2026 To 26-08-2026,109.8,75.4,46%,E,01-06-2026 To 30-08-2026,1370.4,1735.2,-21%,"D","From 01-08-2026 To 30-08-2026",511.7,433.5,18%,"N"
KERALA,2026-08-31,1.7,11.7,-85%,LD,20-08-2026 To 26-08-2026,109.8,75.4,46%,E,01-06-2026 To 31-08-2026,1372.1,1746.9,-21%,"D","From 01-08-2026 To 31-08-2026",513.4,445.2,15%,"N"
KERALA,2026-09-01,1.4,12.1,-88%,LD,20-08-2026 To 26-08-2026,109.8,75.4,46%,E,01-06-2026 To 01-09-2026,1373.5,1759,-22%,"D","From 01-08-2026 To 31-08-2026",513.4,445.2,15%,"N"
KERALA,2026-09-02,0.7,8.9,-92%,LD,27-08-2026 To 02-09-2026,27.5,76.2,-64%,LD,01-06-2026 To 02-09-2026,1374.2,1767.9,-22%,"D","From 01-09-2026 To 02-09-2026",2.1,21,-90%,LD
KERALA,2026-09-03,0.4,9.7,-96%,LD,27-08-2026 To 02-09-2026,27.5,76.2,-64%,LD,01-06-2026 To 03-09-2026,1374.6,1777.6,-23%,"D","From 01-09-2026 To 03-09-2026",2.5,30.7,-92%,LD
KERALA,2026-09-04,0.5,8.2,-94%,LD,27-08-2026 To 02-09-2026,27.5,76.2,-64%,LD,01-06-2026 To 04-09-2026,1375.1,1785.8,-23%,"D","From 01-09-2026 To 04-09-2026",3,38.9,-92%,LD
KERALA,2026-09-05,0.7,10.3,-93%,LD,27-08-2026 To 02-09-2026,27.5,76.2,-64%,LD,01-06-2026 To 05-09-2026,1375.8,1796.1,-23%,"D","From 01-09-2026 To 05-09-2026",3.8,49.2,-92%,LD
KERALA,2026-09-06,0.7,10.3,-93%,LD,27-08-2026 To 02-09-2026,27.5,76.2,-64%,LD,01-06-2026 To 06-09-2026,1376.6,1806.4,-24%,"D","From 01-09-2026 To 06-09-2026",4.5,59.5,-92%,LD
KERALA,2026-09-07,0.2,12.1,-98%,LD,27-08-2026 To 02-09-2026,27.5,76.2,-64%,LD,01-06-2026 To 07-09-2026,1376.8,1818.5,-24%,"D","From 01-09-2026 To 07-09-2026",4.7,71.6,-93%,LD
KERALA,2026-09-08,0.2,8.3,-97%,LD,27-08-2026 To 02-09-2026,27.5,76.2,-64%,LD,01-06-2026 To 08-09-2026,1377,1826.8,-25%,"D","From 01-09-2026 To 08-09-2026",4.9,79.9,-94%,LD
KERALA,2026-09-09,0.4,10.3,-96%,LD,03-09-2026 To 09-09-2026,3.2,69.2,-95%,LD,01-06-2026 To 09-09-2026,1377.4,1837.1,-25%,"D","From 01-09-2026 To 09-09-2026",5.4,90.2,-94%,LD
KERALA,2026-09-10,0.1,9.7,-99%,LD,03-09-2026 To 09-09-2026,3.2,69.2,-95%,LD,01-06-2026 To 10-09-2026,1377.5,1846.8,-25%,"D","From 01-09-2026 To 10-09-2026",5.4,99.9,-95%,LD
KERALA,2026-09-11,0.9,7.7,-89%,LD,03-09-2026 To 09-09-2026,3.2,69.2,-95%,LD,01-06-2026 To 11-09-2026,1378.4,1854.5,-26%,"D","From 01-09-2026 To 11-09-2026",6.3,107.6,-94%,LD
KERALA,2026-09-12,0.2,9.6,-98%,LD,03-09-2026 To 09-09-2026,3.2,69.2,-95%,LD,01-06-2026 To 12-09-2026,1378.6,1864.1,-26%,"D","From 01-09-2026 To 12-09-2026",6.5,117.2,-94%,LD
LADAKH (UT),2026-08-19,0,0.1,-100%,NR,13-08-2026 To 19-08-2026,8.1,0.6,1249%,LE,01-06-2026 To 19-08-2026,47.3,15.7,201%,"LE","From 01-08-2026 To 19-08-2026",14.7,3.8,288%,LE
LADAKH (UT),2026-08-20,0.6,0.2,205%,LE,13-08-2026 To 19-08-2026,8.1,0.6,1249%,LE,01-06-2026 To 20-08-2026,47.9,15.9,201%,"LE","From 01-08-2026 To 20-08-2026",15.4,4,284%,LE
LADAKH (UT),2026-08-21,1.3,0,12865,LE,13-08-2026 To 19-08-2026,8.1,0.6,1249%,LE,01-06-2026 To 21-08-2026,49.2,15.9,210%,"LE","From 01-08-2026 To 21-08-2026",16.7,4,316%,LE
LADAKH (UT),2026-08-22,0,0,-100%,NR,13-08-2026 To 19-08-2026,8.1,0.6,1249%,LE,01-06-2026 To 22-08-2026,49.2,15.9,210%,"LE","From 01-08-2026 To 22-08-2026",16.7,4,316%,LE
LADAKH (UT),2026-08-23,0,0,-100%,NR,13-08-2026 To 19-08-2026,8.1,0.6,1249%,LE,01-06-2026 To 23-08-2026,49.2,15.9,210%,"LE","From 01-08-2026 To 23-08-2026",16.7,4,316%,LE
LADAKH (UT),2026-08-24,0,0,-100%,NR,13-08-2026 To 19-08-2026,8.1,0.6,1249%,LE,01-06-2026 To 24-08-2026,49.2,15.9,210%,"LE","From 01-08-2026 To 24-08-2026",16.7,4,316%,LE
LADAKH (UT),2026-08-25,0,0,-100%,NR,13-08-2026 To 19-08-2026,8.1,0.6,1249%,LE,01-06-2026 To 25-08-2026,49.2,15.9,210%,"LE","From 01-08-2026 To 25-08-2026",16.7,4,316%,LE
LADAKH (UT),2026-08-26,0,0.1,-100%,NR,20-08-2026 To 26-08-2026,1.9,0.3,536%,LE,01-06-2026 To 26-08-2026,49.2,16,208%,"LE","From 01-08-2026 To 26-08-2026",16.7,4.1,306%,LE
LADAKH (UT),2026-08-27,0,0.1,-100%,NR,20-08-2026 To 26-08-2026,1.9,0.3,536%,LE,01-06-2026 To 27-08-2026,49.2,16.1,206%,"LE","From 01-08-2026 To 27-08-2026",16.7,4.2,297%,LE
LADAKH (UT),2026-08-28,0,0.1,-100%,NR,20-08-2026 To 26-08-2026,1.9,0.3,536%,LE,01-06-2026 To 28-08-2026,49.2,16.2,204%,"LE","From 01-08-2026 To 28-08-2026",16.7,4.3,287%,LE
LADAKH (UT),2026-08-29,0,0.2,-100%,NR,20-08-2026 To 26-08-2026,1.9,0.3,536%,LE,01-06-2026 To 29-08-2026,49.2,16.4,200%,"LE","From 01-08-2026 To 29-08-2026",16.7,4.5,270%,LE
LADAKH (UT),2026-08-30,0,0.3,-100%,NR,20-08-2026 To 26-08-2026,1.9,0.3,536%,LE,01-06-2026 To 30-08-2026,49.2,16.7,195%,"LE","From 01-08-2026 To 30-08-2026",16.7,4.8,247%,LE
LADAKH (UT),2026-08-31,0,0,-100%,NR,20-08-2026 To 26-08-2026,1.9,0.3,536%,LE,01-06-2026 To 31-08-2026,49.2,16.7,195%,"LE","From 01-08-2026 To 31-08-2026",16.7,4.8,247%,LE
LADAKH (UT),2026-09-01,0,0,-100%,NR,20-08-2026 To 26-08-2026,1.9,0.3,536%,LE,01-06-2026 To 01-09-2026,49.2,16.7,195%,"LE","From 01-08-2026 To 31-08-2026",16.7,4.8,247%,LE
LADAKH (UT),2026-09-02,0.1,0.1,2%,N,27-08-2026 To 02-09-2026,0.1,0.8,-87%,LD,01-06-2026 To 02-09-2026,49.3,16.8,194%,"LE","From 01-09-2026 To 02-09-2026",0.1,0.1,2%,"N"
LADAKH (UT),2026-09-03,0,0.3,-87%,LD,27-08-2026 To 02-09-2026,0.1,0.8,-87%,LD,01-06-2026 To 03-09-2026,49.4,17.1,189%,"LE","From 01-09-2026 To 03-09-2026",0.1,0.4,-65%,LD
LADAKH (UT),2026-09-04,0,0.1,-100%,NR,27-08-2026 To 02-09-2026,0.1,0.8,-87%,LD,01-06-2026 To 04-09-2026,49.4,17.2,187%,"LE","From 01-09-2026 To 04-09-2026",0.1,0.5,-72%,LD
LADAKH (UT),2026-09-05,0,0.3,-100%,NR,27-08-2026 To 02-09-2026,0.1,0.8,-87%,LD,01-06-2026 To 05-09-2026,49.4,17.5,182%,"LE","From 01-09-2026 To 05-09-2026",0.1,0.8,-83%,LD
LADAKH (UT),2026-09-06,0,0.2,-100%,NR,27-08-2026 To 02-09-2026,0.1,0.8,-87%,LD,01-06-2026 To 06-09-2026,49.4,17.7,179%,"LE","From 01-09-2026 To 06-09-2026",0.1,1,-86%,LD
LADAKH (UT),2026-09-07,0,0.1,-100%,NR,27-08-2026 To 02-09-2026,0.1,0.8,-87%,LD,01-06-2026 To 07-09-2026,49.4,17.8,177%,"LE","From 01-09-2026 To 07-09-2026",0.1,1.1,-87%,LD
LADAKH (UT),2026-09-08,0,0.5,-100%,NR,27-08-2026 To 02-09-2026,0.1,0.8,-87%,LD,01-06-2026 To 08-09-2026,49.4,18.3,170%,"LE","From 01-09-2026 To 08-09-2026",0.1,1.6,-91%,LD
LADAKH (UT),2026-09-09,0,0.2,-100%,NR,03-09-2026 To 09-09-2026,0,1.7,-98%,LD,01-06-2026 To 09-09-2026,49.4,18.5,167%,"LE","From 01-09-2026 To 09-09-2026",0.1,1.8,-92%,LD
LADAKH (UT),2026-09-10,0,0.2,-100%,NR,03-09-2026 To 09-09-2026,0,1.7,-98%,LD,01-06-2026 To 10-09-2026,49.4,18.7,164%,"LE","From 01-09-2026 To 10-09-2026",0.1,2,-93%,LD
LADAKH (UT),2026-09-11,0,0.1,-100%,NR,03-09-2026 To 09-09-2026,0,1.7,-98%,LD,01-06-2026 To 11-09-2026,49.4,18.8,163%,"LE","From 01-09-2026 To 11-09-2026",0.1,2.1,-93%,LD
LADAKH (UT),2026-09-12,0,0,-100%,NR,03-09-2026 To 09-09-2026,0,1.7,-98%,LD,01-06-2026 To 12-09-2026,49.4,18.8,163%,"LE","From 01-09-2026 To 12-09-2026",0.1,2.1,-93%,LD
LAKSHADWEEP (UT),2026-08-19,12.5,9.8,28%,E,13-08-2026 To 19-08-2026,42.9,47.9,-10%,N,01-06-2026 To 19-08-2026,575.8,757.1,-24%,"D","From 01-08-2026 To 19-08-2026",186.9,132.2,41%,"E"
LAKSHADWEEP (UT),2026-08-20,9.4,9.3,1%,N,13-08-2026 To 19-08-2026,42.9,47.9,-10%,N,01-06-2026 To 20-08-2026,585.3,766.4,-24%,"D","From 01-08-2026 To 20-08-2026",196.3,141.5,39%,"E"
LAKSHADWEEP (UT),2026-08-21,0.1,9.6,-99%,LD,13-08-2026 To 19-08-2026,42.9,47.9,-10%,N,01-06-2026 To 21-08-2026,585.4,776,-25%,"D","From 01-08-2026 To 21-08-2026",196.5,151.1,30%,"E"
LAKSHADWEEP (UT),2026-08-22,0.6,9.3,-94%,LD,13-08-2026 To 19-08-2026,42.9,47.9,-10%,N,01-06-2026 To 22-08-2026,586,785.3,-25%,"D","From 01-08-2026 To 22-08-2026",197.1,160.4,23%,"E"
LAKSHADWEEP (UT),2026-08-23,0,11.4,-100%,NR,13-08-2026 To 19-08-2026,42.9,47.9,-10%,N,01-06-2026 To 23-08-2026,586,796.7,-26%,"D","From 01-08-2026 To 23-08-2026",197.1,171.8,15%,"N"
LAKSHADWEEP (UT),2026-08-24,3.3,6.3,-47%,D,13-08-2026 To 19-08-2026,42.9,47.9,-10%,N,01-06-2026 To 24-08-2026,589.3,803,-27%,"D","From 01-08-2026 To 24-08-2026",200.4,178.1,13%,"N"
LAKSHADWEEP (UT),2026-08-25,13.2,6.5,104%,LE,13-08-2026 To 19-08-2026,42.9,47.9,-10%,N,01-06-2026 To 25-08-2026,602.6,809.5,-26%,"D","From 01-08-2026 To 25-08-2026",213.6,184.6,16%,"N"
LAKSHADWEEP (UT),2026-08-26,17.9,8.3,115%,LE,20-08-2026 To 26-08-2026,44.6,60.7,-27%,D,01-06-2026 To 26-08-2026,620.4,817.8,-24%,"D","From 01-08-2026 To 26-08-2026",231.5,192.9,20%,"E"
LAKSHADWEEP (UT),2026-08-27,6.5,7.9,-18%,N,20-08-2026 To 26-08-2026,44.6,60.7,-27%,D,01-06-2026 To 27-08-2026,626.9,825.7,-24%,"D","From 01-08-2026 To 27-08-2026",238,200.8,19%,"N"
LAKSHADWEEP (UT),2026-08-28,1,5.3,-82%,LD,20-08-2026 To 26-08-2026,44.6,60.7,-27%,D,01-06-2026 To 28-08-2026,627.9,831,-24%,"D","From 01-08-2026 To 28-08-2026",239,206.1,16%,"N"
LAKSHADWEEP (UT),2026-08-29,0,6,-100%,NR,20-08-2026 To 26-08-2026,44.6,60.7,-27%,D,01-06-2026 To 29-08-2026,627.9,837,-25%,"D","From 01-08-2026 To 29-08-2026",239,212.1,13%,"N"
LAKSHADWEEP (UT),2026-08-30,3.8,9.2,-59%,D,20-08-2026 To 26-08-2026,44.6,60.7,-27%,D,01-06-2026 To 30-08-2026,631.7,846.2,-25%,"D","From 01-08-2026 To 30-08-2026",242.8,221.3,10%,"N"
LAKSHADWEEP (UT),2026-08-31,3.5,10.7,-68%,LD,20-08-2026 To 26-08-2026,44.6,60.7,-27%,D,01-06-2026 To 31-08-2026,635.2,856.9,-26%,"D","From 01-08-2026 To 31-08-2026",246.2,232,6%,"N"
LAKSHADWEEP (UT),2026-09-01,0.5,6.5,-92%,LD,20-08-2026 To 26-08-2026,44.6,60.7,-27%,D,01-06-2026 To 01-09-2026,635.7,863.4,-26%,"D","From 01-08-2026 To 31-08-2026",246.2,232,6%,"N"
LAKSHADWEEP (UT),2026-09-02,2.3,6.8,-66%,LD,27-08-2026 To 02-09-2026,17.6,52.4,-66%,LD,01-06-2026 To 02-09-2026,638,870.2,-27%,"D","From 01-09-2026 To 02-09-2026",2.9,13.3,-78%,LD
LAKSHADWEEP (UT),2026-09-03,3.8,6.4,-41%,D,27-08-2026 To 02-09-2026,17.6,52.4,-66%,LD,01-06-2026 To 03-09-2026,641.8,876.6,-27%,"D","From 01-09-2026 To 03-09-2026",6.7,19.7,-66%,LD
LAKSHADWEEP (UT),2026-09-04,0.9,4.5,-79%,LD,27-08-2026 To 02-09-2026,17.6,52.4,-66%,LD,01-06-2026 To 04-09-2026,642.8,881.1,-27%,"D","From 01-09-2026 To 04-09-2026",7.6,24.2,-69%,LD
LAKSHADWEEP (UT),2026-09-05,0.2,6,-97%,LD,27-08-2026 To 02-09-2026,17.6,52.4,-66%,LD,01-06-2026 To 05-09-2026,643,887.1,-28%,"D","From 01-09-2026 To 05-09-2026",7.8,30.2,-74%,LD
LAKSHADWEEP (UT),2026-09-06,0,6.7,-100%,NR,27-08-2026 To 02-09-2026,17.6,52.4,-66%,LD,01-06-2026 To 06-09-2026,643,893.8,-28%,"D","From 01-09-2026 To 06-09-2026",7.8,36.9,-79%,LD
LAKSHADWEEP (UT),2026-09-07,0.5,5.3,-91%,LD,27-08-2026 To 02-09-2026,17.6,52.4,-66%,LD,01-06-2026 To 07-09-2026,643.4,899.1,-28%,"D","From 01-09-2026 To 07-09-2026",8.3,42.2,-80%,LD
LAKSHADWEEP (UT),2026-09-08,0,7.2,-100%,NR,27-08-2026 To 02-09-2026,17.6,52.4,-66%,LD,01-06-2026 To 08-09-2026,643.4,906.3,-29%,"D","From 01-09-2026 To 08-09-2026",8.3,49.4,-83%,LD
LAKSHADWEEP (UT),2026-09-09,0,9,-100%,NR,03-09-2026 To 09-09-2026,5.4,45.1,-88%,LD,01-06-2026 To 09-09-2026,643.4,915.3,-30%,"D","From 01-09-2026 To 09-09-2026",8.3,58.4,-86%,LD
LAKSHADWEEP (UT),2026-09-10,0,6.4,-100%,NR,03-09-2026 To 09-09-2026,5.4,45.1,-88%,LD,01-06-2026 To 10-09-2026,643.4,921.7,-30%,"D","From 01-09-2026 To 10-09-2026",8.3,64.8,-87%,LD
LAKSHADWEEP (UT),2026-09-11,8.7,6,45%,E,03-09-2026 To 09-09-2026,5.4,45.1,-88%,LD,01-06-2026 To 11-09-2026,652.1,927.7,-30%,"D","From 01-09-2026 To 11-09-2026",17,70.8,-76%,LD
LAKSHADWEEP (UT),2026-09-12,0.5,5.5,-92%,LD,03-09-2026 To 09-09-2026,5.4,45.1,-88%,LD,01-06-2026 To 12-09-2026,652.6,933.2,-30%,"D","From 01-09-2026 To 12-09-2026",17.4,76.3,-77%,LD
MADHYA PRADESH,2026-08-19,10.9,12.3,-12%,N,13-08-2026 To 19-08-2026,67.8,75.5,-10%,N,01-06-2026 To 19-08-2026,587.4,663.7,-11%,"N","From 01-08-2026 To 19-08-2026",197.6,215.3,-8%,"N"
MADHYA PRADESH,2026-08-20,16.8,11.4,47%,E,13-08-2026 To 19-08-2026,67.8,75.5,-10%,N,01-06-2026 To 20-08-2026,604.2,675.1,-11%,"N","From 01-08-2026 To 20-08-2026",214.3,226.7,-5%,"N"
MADHYA PRADESH,2026-08-21,10.9,10.2,6%,N,13-08-2026 To 19-08-2026,67.8,75.5,-10%,N,01-06-2026 To 21-08-2026,615.1,685.3,-10%,"N","From 01-08-2026 To 21-08-2026",225.2,236.9,-5%,"N"
MADHYA PRADESH,2026-08-22,9.8,10.6,-8%,N,13-08-2026 To 19-08-2026,67.8,75.5,-10%,N,01-06-2026 To 22-08-2026,624.8,695.9,-10%,"N","From 01-08-2026 To 22-08-2026",235,247.5,-5%,"N"
MADHYA PRADESH,2026-08-23,10.2,11.4,-11%,N,13-08-2026 To 19-08-2026,67.8,75.5,-10%,N,01-06-2026 To 23-08-2026,635,707.3,-10%,"N","From 01-08-2026 To 23-08-2026",245.1,258.9,-5%,"N"
MADHYA PRADESH,2026-08-24,8.6,11.6,-26%,D,13-08-2026 To 19-08-2026,67.8,75.5,-10%,N,01-06-2026 To 24-08-2026,643.6,718.9,-10%,"N","From 01-08-2026 To 24-08-2026",253.7,270.5,-6%,"N"
MADHYA PRADESH,2026-08-25,10.4,8.2,27%,E,13-08-2026 To 19-08-2026,67.8,75.5,-10%,N,01-06-2026 To 25-08-2026,653.9,727.1,-10%,"N","From 01-08-2026 To 25-08-2026",264.1,278.7,-5%,"N"
MADHYA PRADESH,2026-08-26,12.4,7.6,63%,LE,20-08-2026 To 26-08-2026,78.9,71,11%,N,01-06-2026 To 26-08-2026,666.3,734.7,-9%,"N","From 01-08-2026 To 26-08-2026",276.4,286.3,-3%,"N"
MADHYA PRADESH,2026-08-27,13.4,7.6,77%,LE,20-08-2026 To 26-08-2026,78.9,71,11%,N,01-06-2026 To 27-08-2026,679.7,742.3,-8%,"N","From 01-08-2026 To 27-08-2026",289.9,293.9,-1%,"N"
MADHYA PRADESH,2026-08-28,9.3,8.6,9%,N,20-08-2026 To 26-08-2026,78.9,71,11%,N,01-06-2026 To 28-08-2026,689.1,750.9,-8%,"N","From 01-08-2026 To 28-08-2026",299.2,302.5,-1%,"N"
MADHYA PRADESH,2026-08-29,10.6,11.4,-7%,N,20-08-2026 To 26-08-2026,78.9,71,11%,N,01-06-2026 To 29-08-2026,699.7,762.3,-8%,"N","From 01-08-2026 To 29-08-2026",309.9,313.9,-1%,"N"
MADHYA PRADESH,2026-08-30,4.7,11.4,-59%,D,20-08-2026 To 26-08-2026,78.9,71,11%,N,01-06-2026 To 30-08-2026,704.4,773.7,-9%,"N","From 01-08-2026 To 30-08-2026",314.6,325.3,-3%,"N"
MADHYA PRADESH,2026-08-31,3.6,8.9,-59%,D,20-08-2026 To 26-08-2026,78.9,71,11%,N,01-06-2026 To 31-08-2026,708,782.6,-10%,"N","From 01-08-2026 To 31-08-2026",318.2,334.2,-5%,"N"
MADHYA PRADESH,2026-09-01,4.3,9.1,-52%,D,20-08-2026 To 26-08-2026,78.9,71,11%,N,01-06-2026 To 01-09-2026,712.4,791.7,-10%,"N","From 01-08-2026 To 31-08-2026",318.2,334.2,-5%,"N"
MADHYA PRADESH,2026-09-02,7.1,8.2,-13%,N,27-08-2026 To 02-09-2026,53.2,65.2,-18%,N,01-06-2026 To 02-09-2026,719.5,799.9,-10%,"N","From 01-09-2026 To 02-09-2026",11.5,17.3,-34%,"D"
MADHYA PRADESH,2026-09-03,21.1,8.3,154%,LE,27-08-2026 To 02-09-2026,53.2,65.2,-18%,N,01-06-2026 To 03-09-2026,740.6,808.2,-8%,"N","From 01-09-2026 To 03-09-2026",32.5,25.6,27%,"E"
MADHYA PRADESH,2026-09-04,21.4,7.8,174%,LE,27-08-2026 To 02-09-2026,53.2,65.2,-18%,N,01-06-2026 To 04-09-2026,761.9,816,-7%,"N","From 01-09-2026 To 04-09-2026",53.9,33.4,61%,LE
MADHYA PRADESH,2026-09-05,16,7.9,103%,LE,27-08-2026 To 02-09-2026,53.2,65.2,-18%,N,01-06-2026 To 05-09-2026,778,823.9,-6%,"N","From 01-09-2026 To 05-09-2026",69.9,41.3,69%,LE
MADHYA PRADESH,2026-09-06,7.3,8.9,-18%,N,27-08-2026 To 02-09-2026,53.2,65.2,-18%,N,01-06-2026 To 06-09-2026,785.3,832.8,-6%,"N","From 01-09-2026 To 06-09-2026",77.2,50.2,54%,"E"
MADHYA PRADESH,2026-09-07,4.7,7.8,-40%,D,27-08-2026 To 02-09-2026,53.2,65.2,-18%,N,01-06-2026 To 07-09-2026,790,840.6,-6%,"N","From 01-09-2026 To 07-09-2026",81.9,58,41%,"E"
MADHYA PRADESH,2026-09-08,2.4,7.5,-69%,LD,27-08-2026 To 02-09-2026,53.2,65.2,-18%,N,01-06-2026 To 08-09-2026,792.3,848.1,-7%,"N","From 01-09-2026 To 08-09-2026",84.3,65.5,29%,"E"
MADHYA PRADESH,2026-09-09,0.9,7.9,-89%,LD,03-09-2026 To 09-09-2026,73.7,56.1,31%,E,01-06-2026 To 09-09-2026,793.2,856,-7%,"N","From 01-09-2026 To 09-09-2026",85.2,73.4,16%,"N"
MADHYA PRADESH,2026-09-10,1,6.5,-84%,LD,03-09-2026 To 09-09-2026,73.7,56.1,31%,E,01-06-2026 To 10-09-2026,794.3,862.5,-8%,"N","From 01-09-2026 To 10-09-2026",86.2,79.9,8%,"N"
MADHYA PRADESH,2026-09-11,6.1,6.1,-1%,N,03-09-2026 To 09-09-2026,73.7,56.1,31%,E,01-06-2026 To 11-09-2026,800.3,868.6,-8%,"N","From 01-09-2026 To 11-09-2026",92.3,86,7%,"N"
MADHYA PRADESH,2026-09-12,13.1,5.8,127%,LE,03-09-2026 To 09-09-2026,73.7,56.1,31%,E,01-06-2026 To 12-09-2026,813.5,874.4,-7%,"N","From 01-09-2026 To 12-09-2026",105.4,91.8,15%,"N"
MAHARASHTRA,2026-08-19,2.9,6.6,-56%,D,13-08-2026 To 19-08-2026,28,55.5,-49%,D,01-06-2026 To 19-08-2026,678.1,716,-5%,"N","From 01-08-2026 To 19-08-2026",112.8,182,-38%,"D"
MAHARASHTRA,2026-08-20,1.4,8.1,-82%,LD,13-08-2026 To 19-08-2026,28,55.5,-49%,D,01-06-2026 To 20-08-2026,679.6,724.1,-6%,"N","From 01-08-2026 To 20-08-2026",114.2,190.1,-40%,"D"
MAHARASHTRA,2026-08-21,1.8,9.1,-80%,LD,13-08-2026 To 19-08-2026,28,55.5,-49%,D,01-06-2026 To 21-08-2026,681.4,733.2,-7%,"N","From 01-08-2026 To 21-08-2026",116,199.2,-42%,"D"
MAHARASHTRA,2026-08-22,2.8,7.9,-64%,LD,13-08-2026 To 19-08-2026,28,55.5,-49%,D,01-06-2026 To 22-08-2026,684.2,741.1,-8%,"N","From 01-08-2026 To 22-08-2026",118.8,207.1,-43%,"D"
MAHARASHTRA,2026-08-23,5.5,8.2,-33%,D,13-08-2026 To 19-08-2026,28,55.5,-49%,D,01-06-2026 To 23-08-2026,689.7,749.3,-8%,"N","From 01-08-2026 To 23-08-2026",124.3,215.3,-42%,"D"
MAHARASHTRA,2026-08-24,6.7,7.6,-12%,N,13-08-2026 To 19-08-2026,28,55.5,-49%,D,01-06-2026 To 24-08-2026,696.4,756.9,-8%,"N","From 01-08-2026 To 24-08-2026",131.1,222.9,-41%,"D"
MAHARASHTRA,2026-08-25,4.1,8.2,-51%,D,13-08-2026 To 19-08-2026,28,55.5,-49%,D,01-06-2026 To 25-08-2026,700.5,765.1,-8%,"N","From 01-08-2026 To 25-08-2026",135.1,231.1,-42%,"D"
MAHARASHTRA,2026-08-26,3.4,7.3,-54%,D,20-08-2026 To 26-08-2026,25.7,56.4,-54%,D,01-06-2026 To 26-08-2026,703.9,772.4,-9%,"N","From 01-08-2026 To 26-08-2026",138.5,238.4,-42%,"D"
MAHARASHTRA,2026-08-27,1.9,8.3,-77%,LD,20-08-2026 To 26-08-2026,25.7,56.4,-54%,D,01-06-2026 To 27-08-2026,705.8,780.7,-10%,"N","From 01-08-2026 To 27-08-2026",140.4,246.7,-43%,"D"
MAHARASHTRA,2026-08-28,2.3,7.9,-71%,LD,20-08-2026 To 26-08-2026,25.7,56.4,-54%,D,01-06-2026 To 28-08-2026,708.1,788.6,-10%,"N","From 01-08-2026 To 28-08-2026",142.7,254.6,-44%,"D"
MAHARASHTRA,2026-08-29,3.1,8.6,-64%,LD,20-08-2026 To 26-08-2026,25.7,56.4,-54%,D,01-06-2026 To 29-08-2026,711.2,797.2,-11%,"N","From 01-08-2026 To 29-08-2026",145.8,263.2,-45%,"D"
MAHARASHTRA,2026-08-30,5.2,8.4,-39%,D,20-08-2026 To 26-08-2026,25.7,56.4,-54%,D,01-06-2026 To 30-08-2026,716.4,805.6,-11%,"N","From 01-08-2026 To 30-08-2026",151,271.6,-44%,"D"
MAHARASHTRA,2026-08-31,1.1,8.6,-88%,LD,20-08-2026 To 26-08-2026,25.7,56.4,-54%,D,01-06-2026 To 31-08-2026,717.4,814.2,-12%,"N","From 01-08-2026 To 31-08-2026",152,280.2,-46%,"D"
MAHARASHTRA,2026-09-01,1.1,8,-87%,LD,20-08-2026 To 26-08-2026,25.7,56.4,-54%,D,01-06-2026 To 01-09-2026,718.5,822.2,-13%,"N","From 01-08-2026 To 31-08-2026",152,280.2,-46%,"D"
MAHARASHTRA,2026-09-02,1.6,8.7,-81%,LD,27-08-2026 To 02-09-2026,16.2,58.5,-72%,LD,01-06-2026 To 02-09-2026,720.1,830.9,-13%,"N","From 01-09-2026 To 02-09-2026",2.7,16.7,-84%,LD
MAHARASHTRA,2026-09-03,4.9,7.6,-35%,D,27-08-2026 To 02-09-2026,16.2,58.5,-72%,LD,01-06-2026 To 03-09-2026,725,838.5,-14%,"N","From 01-09-2026 To 03-09-2026",7.6,24.3,-69%,LD
MAHARASHTRA,2026-09-04,1.9,6.6,-71%,LD,27-08-2026 To 02-09-2026,16.2,58.5,-72%,LD,01-06-2026 To 04-09-2026,727,845.1,-14%,"N","From 01-09-2026 To 04-09-2026",9.5,30.9,-69%,LD
MAHARASHTRA,2026-09-05,2.4,6.9,-65%,LD,27-08-2026 To 02-09-2026,16.2,58.5,-72%,LD,01-06-2026 To 05-09-2026,729.4,852,-14%,"N","From 01-09-2026 To 05-09-2026",12,37.8,-68%,LD
MAHARASHTRA,2026-09-06,3.1,7.5,-59%,D,27-08-2026 To 02-09-2026,16.2,58.5,-72%,LD,01-06-2026 To 06-09-2026,732.5,859.5,-15%,"N","From 01-09-2026 To 06-09-2026",15.1,45.3,-67%,LD
MAHARASHTRA,2026-09-07,2.2,6.5,-66%,LD,27-08-2026 To 02-09-2026,16.2,58.5,-72%,LD,01-06-2026 To 07-09-2026,734.7,866,-15%,"N","From 01-09-2026 To 07-09-2026",17.3,51.8,-67%,LD
MAHARASHTRA,2026-09-08,1.7,6.6,-74%,LD,27-08-2026 To 02-09-2026,16.2,58.5,-72%,LD,01-06-2026 To 08-09-2026,736.4,872.6,-16%,"N","From 01-09-2026 To 08-09-2026",19,58.4,-67%,LD
MAHARASHTRA,2026-09-09,1.6,5.7,-73%,LD,03-09-2026 To 09-09-2026,17.9,47.4,-62%,LD,01-06-2026 To 09-09-2026,738,878.3,-16%,"N","From 01-09-2026 To 09-09-2026",20.6,64.1,-68%,LD
MAHARASHTRA,2026-09-10,0.5,5,-89%,LD,03-09-2026 To 09-09-2026,17.9,47.4,-62%,LD,01-06-2026 To 10-09-2026,738.5,883.3,-16%,"N","From 01-09-2026 To 10-09-2026",21.1,69.1,-69%,LD
MAHARASHTRA,2026-09-11,0.7,5.9,-89%,LD,03-09-2026 To 09-09-2026,17.9,47.4,-62%,LD,01-06-2026 To 11-09-2026,739.2,889.2,-17%,"N","From 01-09-2026 To 11-09-2026",21.8,75,-71%,LD
MAHARASHTRA,2026-09-12,5.3,5.4,-2%,N,03-09-2026 To 09-09-2026,17.9,47.4,-62%,LD,01-06-2026 To 12-09-2026,744.5,894.6,-17%,"N","From 01-09-2026 To 12-09-2026",27.1,80.4,-66%,LD
MANIPUR,2026-08-19,2.7,9.3,-70%,LD,13-08-2026 To 19-08-2026,11.2,57.5,-81%,LD,01-06-2026 To 19-08-2026,446.4,751.1,-41%,"D","From 01-08-2026 To 19-08-2026",95.7,166.4,-42%,"D"
MANIPUR,2026-08-20,1.7,5.3,-67%,LD,13-08-2026 To 19-08-2026,11.2,57.5,-81%,LD,01-06-2026 To 20-08-2026,448.1,756.4,-41%,"D","From 01-08-2026 To 20-08-2026",97.4,171.7,-43%,"D"
MANIPUR,2026-08-21,3.8,7,-45%,D,13-08-2026 To 19-08-2026,11.2,57.5,-81%,LD,01-06-2026 To 21-08-2026,451.9,763.4,-41%,"D","From 01-08-2026 To 21-08-2026",101.3,178.7,-43%,"D"
MANIPUR,2026-08-22,0.4,7.3,-95%,LD,13-08-2026 To 19-08-2026,11.2,57.5,-81%,LD,01-06-2026 To 22-08-2026,452.3,770.7,-41%,"D","From 01-08-2026 To 22-08-2026",101.6,186,-45%,"D"
MANIPUR,2026-08-23,0.9,8.1,-89%,LD,13-08-2026 To 19-08-2026,11.2,57.5,-81%,LD,01-06-2026 To 23-08-2026,453.2,778.8,-42%,"D","From 01-08-2026 To 23-08-2026",102.5,194.1,-47%,"D"
MANIPUR,2026-08-24,0.2,8.4,-98%,LD,13-08-2026 To 19-08-2026,11.2,57.5,-81%,LD,01-06-2026 To 24-08-2026,453.3,787.2,-42%,"D","From 01-08-2026 To 24-08-2026",102.7,202.5,-49%,"D"
MANIPUR,2026-08-25,3.8,8.4,-55%,D,13-08-2026 To 19-08-2026,11.2,57.5,-81%,LD,01-06-2026 To 25-08-2026,457.1,795.6,-43%,"D","From 01-08-2026 To 25-08-2026",106.4,210.9,-50%,"D"
MANIPUR,2026-08-26,1.7,5.5,-68%,LD,20-08-2026 To 26-08-2026,12.5,50,-75%,LD,01-06-2026 To 26-08-2026,458.8,801.1,-43%,"D","From 01-08-2026 To 26-08-2026",108.2,216.4,-50%,"D"
MANIPUR,2026-08-27,7.5,8.4,-11%,N,20-08-2026 To 26-08-2026,12.5,50,-75%,LD,01-06-2026 To 27-08-2026,466.3,809.5,-42%,"D","From 01-08-2026 To 27-08-2026",115.7,224.8,-49%,"D"
MANIPUR,2026-08-28,0.2,5.4,-96%,LD,20-08-2026 To 26-08-2026,12.5,50,-75%,LD,01-06-2026 To 28-08-2026,466.6,814.9,-43%,"D","From 01-08-2026 To 28-08-2026",115.9,230.2,-50%,"D"
MANIPUR,2026-08-29,2.3,8.3,-72%,LD,20-08-2026 To 26-08-2026,12.5,50,-75%,LD,01-06-2026 To 29-08-2026,468.9,823.2,-43%,"D","From 01-08-2026 To 29-08-2026",118.2,238.5,-50%,"D"
MANIPUR,2026-08-30,4.2,5.1,-17%,N,20-08-2026 To 26-08-2026,12.5,50,-75%,LD,01-06-2026 To 30-08-2026,473.1,828.3,-43%,"D","From 01-08-2026 To 30-08-2026",122.4,243.6,-50%,"D"
MANIPUR,2026-08-31,8.7,6.5,34%,E,20-08-2026 To 26-08-2026,12.5,50,-75%,LD,01-06-2026 To 31-08-2026,481.8,834.8,-42%,"D","From 01-08-2026 To 31-08-2026",131.1,250.1,-48%,"D"
MANIPUR,2026-09-01,12.3,12,2%,N,20-08-2026 To 26-08-2026,12.5,50,-75%,LD,01-06-2026 To 01-09-2026,494.1,846.8,-42%,"D","From 01-08-2026 To 31-08-2026",131.1,250.1,-48%,"D"
MANIPUR,2026-09-02,11.8,6.7,76%,LE,27-08-2026 To 02-09-2026,47,52.4,-10%,N,01-06-2026 To 02-09-2026,505.9,853.5,-41%,"D","From 01-09-2026 To 02-09-2026",24.1,18.7,29%,"E"
MANIPUR,2026-09-03,0.3,8.1,-96%,LD,27-08-2026 To 02-09-2026,47,52.4,-10%,N,01-06-2026 To 03-09-2026,506.2,861.6,-41%,"D","From 01-09-2026 To 03-09-2026",24.4,26.8,-9%,"N"
MANIPUR,2026-09-04,2.3,6.2,-62%,LD,27-08-2026 To 02-09-2026,47,52.4,-10%,N,01-06-2026 To 04-09-2026,508,867.8,-41%,"D","From 01-09-2026 To 04-09-2026",26.1,33,-21%,"D"
MANIPUR,2026-09-05,0.9,8.8,-89%,LD,27-08-2026 To 02-09-2026,47,52.4,-10%,N,01-06-2026 To 05-09-2026,508.9,876.6,-42%,"D","From 01-09-2026 To 05-09-2026",27.1,41.8,-35%,"D"
MANIPUR,2026-09-06,2.6,6.6,-61%,LD,27-08-2026 To 02-09-2026,47,52.4,-10%,N,01-06-2026 To 06-09-2026,511.5,883.2,-42%,"D","From 01-09-2026 To 06-09-2026",29.7,48.4,-39%,"D"
MANIPUR,2026-09-07,9.3,6,55%,E,27-08-2026 To 02-09-2026,47,52.4,-10%,N,01-06-2026 To 07-09-2026,520.8,889.2,-41%,"D","From 01-09-2026 To 07-09-2026",39,54.4,-28%,"D"
MANIPUR,2026-09-08,9.3,8.8,6%,N,27-08-2026 To 02-09-2026,47,52.4,-10%,N,01-06-2026 To 08-09-2026,530.1,898,-41%,"D","From 01-09-2026 To 08-09-2026",48.3,63.2,-24%,"D"
MANIPUR,2026-09-09,2.2,7.9,-72%,LD,03-09-2026 To 09-09-2026,26.5,52.4,-50%,D,01-06-2026 To 09-09-2026,532.3,905.9,-41%,"D","From 01-09-2026 To 09-09-2026",50.5,71.1,-29%,"D"
MANIPUR,2026-09-10,0.4,7.3,-94%,LD,03-09-2026 To 09-09-2026,26.5,52.4,-50%,D,01-06-2026 To 10-09-2026,532.8,913.2,-42%,"D","From 01-09-2026 To 10-09-2026",50.9,78.4,-35%,"D"
MANIPUR,2026-09-11,7.3,7.7,-5%,N,03-09-2026 To 09-09-2026,26.5,52.4,-50%,D,01-06-2026 To 11-09-2026,540,920.9,-41%,"D","From 01-09-2026 To 11-09-2026",58.2,86.1,-32%,"D"
MANIPUR,2026-09-12,3.3,7.1,-53%,D,03-09-2026 To 09-09-2026,26.5,52.4,-50%,D,01-06-2026 To 12-09-2026,543.4,928,-41%,"D","From 01-09-2026 To 12-09-2026",61.5,93.2,-34%,"D"
MEGHALAYA,2026-08-19,9.4,16.1,-42%,D,13-08-2026 To 19-08-2026,53.7,138.5,-61%,LD,01-06-2026 To 19-08-2026,838.6,1976.6,-58%,"D","From 01-08-2026 To 19-08-2026",157,350.4,-55%,"D"
MEGHALAYA,2026-08-20,2.9,18.4,-84%,LD,13-08-2026 To 19-08-2026,53.7,138.5,-61%,LD,01-06-2026 To 20-08-2026,841.4,1995,-58%,"D","From 01-08-2026 To 20-08-2026",159.8,368.8,-57%,"D"
MEGHALAYA,2026-08-21,7.4,20.8,-64%,LD,13-08-2026 To 19-08-2026,53.7,138.5,-61%,LD,01-06-2026 To 21-08-2026,848.8,2015.8,-58%,"D","From 01-08-2026 To 21-08-2026",167.2,389.6,-57%,"D"
MEGHALAYA,2026-08-22,8.2,21,-61%,LD,13-08-2026 To 19-08-2026,53.7,138.5,-61%,LD,01-06-2026 To 22-08-2026,857,2036.8,-58%,"D","From 01-08-2026 To 22-08-2026",175.4,410.6,-57%,"D"
MEGHALAYA,2026-08-23,4.5,21.4,-79%,LD,13-08-2026 To 19-08-2026,53.7,138.5,-61%,LD,01-06-2026 To 23-08-2026,861.5,2058.2,-58%,"D","From 01-08-2026 To 23-08-2026",179.9,432,-58%,"D"
MEGHALAYA,2026-08-24,7.7,26.8,-71%,LD,13-08-2026 To 19-08-2026,53.7,138.5,-61%,LD,01-06-2026 To 24-08-2026,869.2,2085,-58%,"D","From 01-08-2026 To 24-08-2026",187.6,458.8,-59%,"D"
MEGHALAYA,2026-08-25,16.3,23.1,-29%,D,13-08-2026 To 19-08-2026,53.7,138.5,-61%,LD,01-06-2026 To 25-08-2026,885.5,2108.1,-58%,"D","From 01-08-2026 To 25-08-2026",203.9,481.9,-58%,"D"
MEGHALAYA,2026-08-26,4.9,17.7,-72%,LD,20-08-2026 To 26-08-2026,51.8,149.2,-65%,LD,01-06-2026 To 26-08-2026,890.4,2125.8,-58%,"D","From 01-08-2026 To 26-08-2026",208.8,499.6,-58%,"D"
MEGHALAYA,2026-08-27,5.6,21.1,-74%,LD,20-08-2026 To 26-08-2026,51.8,149.2,-65%,LD,01-06-2026 To 27-08-2026,895.9,2146.9,-58%,"D","From 01-08-2026 To 27-08-2026",214.4,520.7,-59%,"D"
MEGHALAYA,2026-08-28,6.5,13.9,-54%,D,20-08-2026 To 26-08-2026,51.8,149.2,-65%,LD,01-06-2026 To 28-08-2026,902.4,2160.8,-58%,"D","From 01-08-2026 To 28-08-2026",220.8,534.6,-59%,"D"
MEGHALAYA,2026-08-29,8.7,16.1,-46%,D,20-08-2026 To 26-08-2026,51.8,149.2,-65%,LD,01-06-2026 To 29-08-2026,911.1,2176.9,-58%,"D","From 01-08-2026 To 29-08-2026",229.5,550.7,-58%,"D"
MEGHALAYA,2026-08-30,5.1,14.7,-65%,LD,20-08-2026 To 26-08-2026,51.8,149.2,-65%,LD,01-06-2026 To 30-08-2026,916.2,2191.6,-58%,"D","From 01-08-2026 To 30-08-2026",234.6,565.4,-59%,"D"
MEGHALAYA,2026-08-31,7.6,16.2,-53%,D,20-08-2026 To 26-08-2026,51.8,149.2,-65%,LD,01-06-2026 To 31-08-2026,923.8,2207.8,-58%,"D","From 01-08-2026 To 31-08-2026",242.3,581.6,-58%,"D"
MEGHALAYA,2026-09-01,10.3,17.1,-39%,D,20-08-2026 To 26-08-2026,51.8,149.2,-65%,LD,01-06-2026 To 01-09-2026,934.2,2224.9,-58%,"D","From 01-08-2026 To 31-08-2026",242.3,581.6,-58%,"D"
MEGHALAYA,2026-09-02,7.8,18.6,-58%,D,27-08-2026 To 02-09-2026,51.6,117.7,-56%,D,01-06-2026 To 02-09-2026,942,2243.5,-58%,"D","From 01-09-2026 To 02-09-2026",18.2,35.7,-49%,"D"
MEGHALAYA,2026-09-03,7.8,16.6,-53%,D,27-08-2026 To 02-09-2026,51.6,117.7,-56%,D,01-06-2026 To 03-09-2026,949.8,2260.1,-58%,"D","From 01-09-2026 To 03-09-2026",25.9,52.3,-50%,"D"
MEGHALAYA,2026-09-04,10,19.1,-48%,D,27-08-2026 To 02-09-2026,51.6,117.7,-56%,D,01-06-2026 To 04-09-2026,959.7,2279.2,-58%,"D","From 01-09-2026 To 04-09-2026",35.9,71.4,-50%,"D"
MEGHALAYA,2026-09-05,6.7,19.9,-67%,LD,27-08-2026 To 02-09-2026,51.6,117.7,-56%,D,01-06-2026 To 05-09-2026,966.4,2299.1,-58%,"D","From 01-09-2026 To 05-09-2026",42.6,91.3,-53%,"D"
MEGHALAYA,2026-09-06,6.1,16.2,-62%,LD,27-08-2026 To 02-09-2026,51.6,117.7,-56%,D,01-06-2026 To 06-09-2026,972.5,2315.3,-58%,"D","From 01-09-2026 To 06-09-2026",48.7,107.5,-55%,"D"
MEGHALAYA,2026-09-07,2.2,18.8,-88%,LD,27-08-2026 To 02-09-2026,51.6,117.7,-56%,D,01-06-2026 To 07-09-2026,974.7,2334.1,-58%,"D","From 01-09-2026 To 07-09-2026",50.9,126.3,-60%,LD
MEGHALAYA,2026-09-08,4.1,20.6,-80%,LD,27-08-2026 To 02-09-2026,51.6,117.7,-56%,D,01-06-2026 To 08-09-2026,978.8,2354.7,-58%,"D","From 01-09-2026 To 08-09-2026",54.9,146.9,-63%,LD
MEGHALAYA,2026-09-09,4.9,17.2,-72%,LD,03-09-2026 To 09-09-2026,41.7,128.4,-68%,LD,01-06-2026 To 09-09-2026,983.7,2371.9,-59%,"D","From 01-09-2026 To 09-09-2026",59.8,164.1,-64%,LD
MEGHALAYA,2026-09-10,3.3,13.6,-76%,LD,03-09-2026 To 09-09-2026,41.7,128.4,-68%,LD,01-06-2026 To 10-09-2026,987,2385.5,-59%,"D","From 01-09-2026 To 10-09-2026",63.2,177.7,-64%,LD
MEGHALAYA,2026-09-11,4.4,15.9,-73%,LD,03-09-2026 To 09-09-2026,41.7,128.4,-68%,LD,01-06-2026 To 11-09-2026,991.4,2401.4,-59%,"D","From 01-09-2026 To 11-09-2026",67.5,193.6,-65%,LD
MEGHALAYA,2026-09-12,11,17.1,-36%,D,03-09-2026 To 09-09-2026,41.7,128.4,-68%,LD,01-06-2026 To 12-09-2026,1002.4,2418.5,-59%,"D","From 01-09-2026 To 12-09-2026",78.5,210.7,-63%,LD
MIZORAM,2026-08-19,7.8,14.3,-45%,D,13-08-2026 To 19-08-2026,57.2,100.4,-43%,D,01-06-2026 To 19-08-2026,854.3,1105.3,-23%,"D","From 01-08-2026 To 19-08-2026",209.2,260,-20%,"D"
MIZORAM,2026-08-20,8.8,16.4,-46%,D,13-08-2026 To 19-08-2026,57.2,100.4,-43%,D,01-06-2026 To 20-08-2026,863,1121.7,-23%,"D","From 01-08-2026 To 20-08-2026",218,276.4,-21%,"D"
MIZORAM,2026-08-21,13.1,13.7,-4%,N,13-08-2026 To 19-08-2026,57.2,100.4,-43%,D,01-06-2026 To 21-08-2026,876.2,1135.4,-23%,"D","From 01-08-2026 To 21-08-2026",231.1,290.1,-20%,"D"
MIZORAM,2026-08-22,20.4,11.6,76%,LE,13-08-2026 To 19-08-2026,57.2,100.4,-43%,D,01-06-2026 To 22-08-2026,896.6,1147,-22%,"D","From 01-08-2026 To 22-08-2026",251.6,301.7,-17%,"N"
MIZORAM,2026-08-23,17.6,13.1,35%,E,13-08-2026 To 19-08-2026,57.2,100.4,-43%,D,01-06-2026 To 23-08-2026,914.2,1160.1,-21%,"D","From 01-08-2026 To 23-08-2026",269.2,314.8,-14%,"N"
MIZORAM,2026-08-24,9.2,15.4,-40%,D,13-08-2026 To 19-08-2026,57.2,100.4,-43%,D,01-06-2026 To 24-08-2026,923.4,1175.5,-21%,"D","From 01-08-2026 To 24-08-2026",278.4,330.2,-16%,"N"
MIZORAM,2026-08-25,6.1,16,-62%,LD,13-08-2026 To 19-08-2026,57.2,100.4,-43%,D,01-06-2026 To 25-08-2026,929.5,1191.5,-22%,"D","From 01-08-2026 To 25-08-2026",284.5,346.2,-18%,"N"
MIZORAM,2026-08-26,6.7,15.3,-56%,D,20-08-2026 To 26-08-2026,82,101.5,-19%,D,01-06-2026 To 26-08-2026,936.3,1206.8,-22%,"D","From 01-08-2026 To 26-08-2026",291.2,361.5,-19%,"N"
MIZORAM,2026-08-27,13.1,12.4,5%,N,20-08-2026 To 26-08-2026,82,101.5,-19%,D,01-06-2026 To 27-08-2026,949.3,1219.2,-22%,"D","From 01-08-2026 To 27-08-2026",304.3,373.9,-19%,"N"
MIZORAM,2026-08-28,28.6,12.9,122%,LE,20-08-2026 To 26-08-2026,82,101.5,-19%,D,01-06-2026 To 28-08-2026,977.9,1232.1,-21%,"D","From 01-08-2026 To 28-08-2026",332.9,386.8,-14%,"N"
MIZORAM,2026-08-29,20.1,12.2,65%,LE,20-08-2026 To 26-08-2026,82,101.5,-19%,D,01-06-2026 To 29-08-2026,998,1244.3,-20%,"D","From 01-08-2026 To 29-08-2026",353,399,-12%,"N"
MIZORAM,2026-08-30,17.5,10,75%,LE,20-08-2026 To 26-08-2026,82,101.5,-19%,D,01-06-2026 To 30-08-2026,1015.6,1254.3,-19%,"N","From 01-08-2026 To 30-08-2026",370.5,409,-9%,"N"
MIZORAM,2026-08-31,11.6,9.9,17%,N,20-08-2026 To 26-08-2026,82,101.5,-19%,D,01-06-2026 To 31-08-2026,1027.2,1264.2,-19%,"N","From 01-08-2026 To 31-08-2026",382.2,418.9,-9%,"N"
MIZORAM,2026-09-01,20.2,9.8,106%,LE,20-08-2026 To 26-08-2026,82,101.5,-19%,D,01-06-2026 To 01-09-2026,1047.4,1274,-18%,"N","From 01-08-2026 To 31-08-2026",382.2,418.9,-9%,"N"
MIZORAM,2026-09-02,13,10.7,22%,E,27-08-2026 To 02-09-2026,124.2,77.9,59%,LE,01-06-2026 To 02-09-2026,1060.4,1284.7,-17%,"N","From 01-09-2026 To 02-09-2026",33.2,20.5,62%,LE
MIZORAM,2026-09-03,19.3,11.8,63%,LE,27-08-2026 To 02-09-2026,124.2,77.9,59%,LE,01-06-2026 To 03-09-2026,1079.7,1296.5,-17%,"N","From 01-09-2026 To 03-09-2026",52.5,32.3,63%,LE
MIZORAM,2026-09-04,8.5,13.6,-38%,D,27-08-2026 To 02-09-2026,124.2,77.9,59%,LE,01-06-2026 To 04-09-2026,1088.2,1310.1,-17%,"N","From 01-09-2026 To 04-09-2026",61,45.9,33%,"E"
MIZORAM,2026-09-05,2.8,14.9,-81%,LD,27-08-2026 To 02-09-2026,124.2,77.9,59%,LE,01-06-2026 To 05-09-2026,1091,1325,-18%,"N","From 01-09-2026 To 05-09-2026",63.8,60.8,5%,"N"
MIZORAM,2026-09-06,21,13.5,56%,E,27-08-2026 To 02-09-2026,124.2,77.9,59%,LE,01-06-2026 To 06-09-2026,1112.1,1338.5,-17%,"N","From 01-09-2026 To 06-09-2026",84.9,74.3,14%,"N"
MIZORAM,2026-09-07,16.6,12.6,32%,E,27-08-2026 To 02-09-2026,124.2,77.9,59%,LE,01-06-2026 To 07-09-2026,1128.7,1351.1,-16%,"N","From 01-09-2026 To 07-09-2026",101.5,86.9,17%,"N"
MIZORAM,2026-09-08,29.1,13.1,122%,LE,27-08-2026 To 02-09-2026,124.2,77.9,59%,LE,01-06-2026 To 08-09-2026,1157.8,1364.2,-15%,"N","From 01-09-2026 To 08-09-2026",130.6,100,31%,"E"
MIZORAM,2026-09-09,37.9,14.2,167%,LE,03-09-2026 To 09-09-2026,135.3,93.7,44%,E,01-06-2026 To 09-09-2026,1195.7,1378.4,-13%,"N","From 01-09-2026 To 09-09-2026",168.5,114.2,48%,"E"
MIZORAM,2026-09-10,3.6,12.8,-72%,LD,03-09-2026 To 09-09-2026,135.3,93.7,44%,E,01-06-2026 To 10-09-2026,1199.4,1391.2,-14%,"N","From 01-09-2026 To 10-09-2026",172.2,127,36%,"E"
MIZORAM,2026-09-11,4.1,11.6,-65%,LD,03-09-2026 To 09-09-2026,135.3,93.7,44%,E,01-06-2026 To 11-09-2026,1203.4,1402.8,-14%,"N","From 01-09-2026 To 11-09-2026",176.2,138.6,27%,"E"
MIZORAM,2026-09-12,11.5,11.4,1%,N,03-09-2026 To 09-09-2026,135.3,93.7,44%,E,01-06-2026 To 12-09-2026,1215,1414.2,-14%,"N","From 01-09-2026 To 12-09-2026",187.8,150,25%,"E"
NAGALAND,2026-08-19,12.5,9.1,37%,E,13-08-2026 To 19-08-2026,64.3,66.3,-3%,N,01-06-2026 To 19-08-2026,770.8,733.4,5%,"N","From 01-08-2026 To 19-08-2026",220,167.1,32%,"E"
NAGALAND,2026-08-20,8.7,7.7,14%,N,13-08-2026 To 19-08-2026,64.3,66.3,-3%,N,01-06-2026 To 20-08-2026,779.6,741.1,5%,"N","From 01-08-2026 To 20-08-2026",228.7,174.8,31%,"E"
NAGALAND,2026-08-21,3.9,11.6,-67%,LD,13-08-2026 To 19-08-2026,64.3,66.3,-3%,N,01-06-2026 To 21-08-2026,783.5,752.7,4%,"N","From 01-08-2026 To 21-08-2026",232.6,186.4,25%,"E"
NAGALAND,2026-08-22,4.8,7.4,-35%,D,13-08-2026 To 19-08-2026,64.3,66.3,-3%,N,01-06-2026 To 22-08-2026,788.2,760.1,4%,"N","From 01-08-2026 To 22-08-2026",237.4,193.8,23%,"E"
NAGALAND,2026-08-23,4.7,10.5,-55%,D,13-08-2026 To 19-08-2026,64.3,66.3,-3%,N,01-06-2026 To 23-08-2026,792.9,770.6,3%,"N","From 01-08-2026 To 23-08-2026",242.1,204.3,18%,"N"
NAGALAND,2026-08-24,21.5,7.5,187%,LE,13-08-2026 To 19-08-2026,64.3,66.3,-3%,N,01-06-2026 To 24-08-2026,814.4,778.1,5%,"N","From 01-08-2026 To 24-08-2026",263.6,211.8,24%,"E"
NAGALAND,2026-08-25,9.4,7.1,33%,E,13-08-2026 To 19-08-2026,64.3,66.3,-3%,N,01-06-2026 To 25-08-2026,823.9,785.2,5%,"N","From 01-08-2026 To 25-08-2026",273,218.9,25%,"E"
NAGALAND,2026-08-26,6.7,7.2,-7%,N,20-08-2026 To 26-08-2026,59.8,59,1%,N,01-06-2026 To 26-08-2026,830.6,792.4,5%,"N","From 01-08-2026 To 26-08-2026",279.8,226.1,24%,"E"
NAGALAND,2026-08-27,22.6,8.6,162%,LE,20-08-2026 To 26-08-2026,59.8,59,1%,N,01-06-2026 To 27-08-2026,853.2,801,7%,"N","From 01-08-2026 To 27-08-2026",302.3,234.7,29%,"E"
NAGALAND,2026-08-28,3,7.7,-61%,LD,20-08-2026 To 26-08-2026,59.8,59,1%,N,01-06-2026 To 28-08-2026,856.1,808.7,6%,"N","From 01-08-2026 To 28-08-2026",305.3,242.4,26%,"E"
NAGALAND,2026-08-29,11.5,9.5,21%,E,20-08-2026 To 26-08-2026,59.8,59,1%,N,01-06-2026 To 29-08-2026,867.7,818.2,6%,"N","From 01-08-2026 To 29-08-2026",316.8,251.9,26%,"E"
NAGALAND,2026-08-30,3.9,7.1,-46%,D,20-08-2026 To 26-08-2026,59.8,59,1%,N,01-06-2026 To 30-08-2026,871.5,825.3,6%,"N","From 01-08-2026 To 30-08-2026",320.7,259,24%,"E"
NAGALAND,2026-08-31,9.2,5.6,65%,LE,20-08-2026 To 26-08-2026,59.8,59,1%,N,01-06-2026 To 31-08-2026,880.8,830.9,6%,"N","From 01-08-2026 To 31-08-2026",329.9,264.6,25%,"E"
NAGALAND,2026-09-01,17.3,8.2,111%,LE,20-08-2026 To 26-08-2026,59.8,59,1%,N,01-06-2026 To 01-09-2026,898.1,839.1,7%,"N","From 01-08-2026 To 31-08-2026",329.9,264.6,25%,"E"
NAGALAND,2026-09-02,19.9,6.4,211%,LE,27-08-2026 To 02-09-2026,87.4,53.1,65%,LE,01-06-2026 To 02-09-2026,918,845.5,9%,"N","From 01-09-2026 To 02-09-2026",37.2,14.6,155%,LE
NAGALAND,2026-09-03,9.3,7.9,17%,N,27-08-2026 To 02-09-2026,87.4,53.1,65%,LE,01-06-2026 To 03-09-2026,927.3,853.4,9%,"N","From 01-09-2026 To 03-09-2026",46.5,22.5,107%,LE
NAGALAND,2026-09-04,20,7.2,178%,LE,27-08-2026 To 02-09-2026,87.4,53.1,65%,LE,01-06-2026 To 04-09-2026,947.3,860.6,10%,"N","From 01-09-2026 To 04-09-2026",66.5,29.7,124%,LE
NAGALAND,2026-09-05,44.1,8.2,438%,LE,27-08-2026 To 02-09-2026,87.4,53.1,65%,LE,01-06-2026 To 05-09-2026,991.4,868.8,14%,"N","From 01-09-2026 To 05-09-2026",110.7,37.9,192%,LE
NAGALAND,2026-09-06,9.8,7.3,34%,E,27-08-2026 To 02-09-2026,87.4,53.1,65%,LE,01-06-2026 To 06-09-2026,1001.2,876.1,14%,"N","From 01-09-2026 To 06-09-2026",120.5,45.2,166%,LE
NAGALAND,2026-09-07,8.5,7.4,15%,N,27-08-2026 To 02-09-2026,87.4,53.1,65%,LE,01-06-2026 To 07-09-2026,1009.7,883.5,14%,"N","From 01-09-2026 To 07-09-2026",129,52.6,145%,LE
NAGALAND,2026-09-08,5.2,6.9,-25%,D,27-08-2026 To 02-09-2026,87.4,53.1,65%,LE,01-06-2026 To 08-09-2026,1014.9,890.4,14%,"N","From 01-09-2026 To 08-09-2026",134.1,59.5,125%,LE
NAGALAND,2026-09-09,8.7,6.7,29%,E,03-09-2026 To 09-09-2026,102.3,51.6,98%,LE,01-06-2026 To 09-09-2026,1020.3,897.1,14%,"N","From 01-09-2026 To 09-09-2026",139.6,66.2,111%,LE
NAGALAND,2026-09-10,1.7,8.9,-81%,LD,03-09-2026 To 09-09-2026,102.3,51.6,98%,LE,01-06-2026 To 10-09-2026,1022,906,13%,"N","From 01-09-2026 To 10-09-2026",141.2,75.1,88%,LE
NAGALAND,2026-09-11,0.2,8.6,-97%,LD,03-09-2026 To 09-09-2026,102.3,51.6,98%,LE,01-06-2026 To 11-09-2026,1022.2,914.6,12%,"N","From 01-09-2026 To 11-09-2026",141.5,83.7,69%,LE
NAGALAND,2026-09-12,8,8,0%,N,03-09-2026 To 09-09-2026,102.3,51.6,98%,LE,01-06-2026 To 12-09-2026,1030.2,922.6,12%,"N","From 01-09-2026 To 12-09-2026",149.4,91.7,63%,LE
ODISHA,2026-08-19,8.3,13.7,-40%,D,13-08-2026 To 19-08-2026,126.8,88.1,44%,E,01-06-2026 To 19-08-2026,1004.4,786.5,28%,"E","From 01-08-2026 To 19-08-2026",268.8,235.8,14%,"N"
ODISHA,2026-08-20,3.3,15,-78%,LD,13-08-2026 To 19-08-2026,126.8,88.1,44%,E,01-06-2026 To 20-08-2026,1007.7,801.5,26%,"E","From 01-08-2026 To 20-08-2026",272.1,250.8,8%,"N"
ODISHA,2026-08-21,2.2,10.4,-79%,LD,13-08-2026 To 19-08-2026,126.8,88.1,44%,E,01-06-2026 To 21-08-2026,1009.8,811.9,24%,"E","From 01-08-2026 To 21-08-2026",274.3,261.2,5%,"N"
ODISHA,2026-08-22,6.8,11,-39%,D,13-08-2026 To 19-08-2026,126.8,88.1,44%,E,01-06-2026 To 22-08-2026,1016.6,822.9,24%,"E","From 01-08-2026 To 22-08-2026",281,272.2,3%,"N"
ODISHA,2026-08-23,26.2,8.9,195%,LE,13-08-2026 To 19-08-2026,126.8,88.1,44%,E,01-06-2026 To 23-08-2026,1042.8,831.8,25%,"E","From 01-08-2026 To 23-08-2026",307.3,281.1,9%,"N"
ODISHA,2026-08-24,35.6,7,409%,LE,13-08-2026 To 19-08-2026,126.8,88.1,44%,E,01-06-2026 To 24-08-2026,1078.4,838.8,29%,"E","From 01-08-2026 To 24-08-2026",342.9,288.1,19%,"N"
ODISHA,2026-08-25,16.3,7,132%,LE,13-08-2026 To 19-08-2026,126.8,88.1,44%,E,01-06-2026 To 25-08-2026,1094.7,845.8,29%,"E","From 01-08-2026 To 25-08-2026",359.2,295.1,22%,"E"
ODISHA,2026-08-26,3.3,10.9,-70%,LD,20-08-2026 To 26-08-2026,93.6,70.2,33%,E,01-06-2026 To 26-08-2026,1098,856.7,28%,"E","From 01-08-2026 To 26-08-2026",362.5,306,18%,"N"
ODISHA,2026-08-27,4.9,13.8,-64%,LD,20-08-2026 To 26-08-2026,93.6,70.2,33%,E,01-06-2026 To 27-08-2026,1103,870.5,27%,"E","From 01-08-2026 To 27-08-2026",367.4,319.8,15%,"N"
ODISHA,2026-08-28,6.3,13.6,-54%,D,20-08-2026 To 26-08-2026,93.6,70.2,33%,E,01-06-2026 To 28-08-2026,1109.2,884.1,25%,"E","From 01-08-2026 To 28-08-2026",373.7,333.4,12%,"N"
ODISHA,2026-08-29,4.5,12.2,-63%,LD,20-08-2026 To 26-08-2026,93.6,70.2,33%,E,01-06-2026 To 29-08-2026,1113.7,896.3,24%,"E","From 01-08-2026 To 29-08-2026",378.2,345.6,9%,"N"
ODISHA,2026-08-30,15.5,10.2,52%,E,20-08-2026 To 26-08-2026,93.6,70.2,33%,E,01-06-2026 To 30-08-2026,1129.3,906.5,25%,"E","From 01-08-2026 To 30-08-2026",393.7,355.8,11%,"N"
ODISHA,2026-08-31,25,8,212%,LE,20-08-2026 To 26-08-2026,93.6,70.2,33%,E,01-06-2026 To 31-08-2026,1154.3,914.5,26%,"E","From 01-08-2026 To 31-08-2026",418.7,363.8,15%,"N"
ODISHA,2026-09-01,13.9,7.8,79%,LE,20-08-2026 To 26-08-2026,93.6,70.2,33%,E,01-06-2026 To 01-09-2026,1168.2,922.3,27%,"E","From 01-08-2026 To 31-08-2026",418.7,363.8,15%,"N"
ODISHA,2026-09-02,1.1,9.6,-89%,LD,27-08-2026 To 02-09-2026,71.3,75.2,-5%,N,01-06-2026 To 02-09-2026,1169.3,931.9,25%,"E","From 01-09-2026 To 02-09-2026",15,17.4,-14%,"N"
ODISHA,2026-09-03,1.4,9.2,-85%,LD,27-08-2026 To 02-09-2026,71.3,75.2,-5%,N,01-06-2026 To 03-09-2026,1170.7,941.1,24%,"E","From 01-09-2026 To 03-09-2026",16.4,26.6,-38%,"D"
ODISHA,2026-09-04,0.4,11.4,-96%,LD,27-08-2026 To 02-09-2026,71.3,75.2,-5%,N,01-06-2026 To 04-09-2026,1171.1,952.5,23%,"E","From 01-09-2026 To 04-09-2026",16.8,38,-56%,"D"
ODISHA,2026-09-05,1,10.5,-90%,LD,27-08-2026 To 02-09-2026,71.3,75.2,-5%,N,01-06-2026 To 05-09-2026,1172.1,963,22%,"E","From 01-09-2026 To 05-09-2026",17.9,48.5,-63%,LD
ODISHA,2026-09-06,1.2,10.9,-89%,LD,27-08-2026 To 02-09-2026,71.3,75.2,-5%,N,01-06-2026 To 06-09-2026,1173.4,973.9,20%,"E","From 01-09-2026 To 06-09-2026",19.1,59.4,-68%,LD
ODISHA,2026-09-07,4.2,11,-61%,LD,27-08-2026 To 02-09-2026,71.3,75.2,-5%,N,01-06-2026 To 07-09-2026,1177.6,984.9,20%,"E","From 01-09-2026 To 07-09-2026",23.3,70.4,-67%,LD
ODISHA,2026-09-08,4.3,7.8,-44%,D,27-08-2026 To 02-09-2026,71.3,75.2,-5%,N,01-06-2026 To 08-09-2026,1181.9,992.7,19%,"N","From 01-09-2026 To 08-09-2026",27.7,78.2,-65%,LD
ODISHA,2026-09-09,2.3,8.4,-72%,LD,03-09-2026 To 09-09-2026,15,69.2,-78%,LD,01-06-2026 To 09-09-2026,1184.3,1001.1,18%,"N","From 01-09-2026 To 09-09-2026",30,86.6,-65%,LD
ODISHA,2026-09-10,12.2,8.6,42%,E,03-09-2026 To 09-09-2026,15,69.2,-78%,LD,01-06-2026 To 10-09-2026,1196.5,1009.7,19%,"N","From 01-09-2026 To 10-09-2026",42.2,95.2,-56%,"D"
ODISHA,2026-09-11,30.8,8.7,254%,LE,03-09-2026 To 09-09-2026,15,69.2,-78%,LD,01-06-2026 To 11-09-2026,1227.3,1018.4,21%,"E","From 01-09-2026 To 11-09-2026",73,103.9,-30%,"D"
ODISHA,2026-09-12,26,9.8,165%,LE,03-09-2026 To 09-09-2026,15,69.2,-78%,LD,01-06-2026 To 12-09-2026,1253.2,1028.2,22%,"E","From 01-09-2026 To 12-09-2026",99,113.7,-13%,"N"
PUDUCHERRY (UT),2026-08-19,0.8,3.5,-76%,LD,13-08-2026 To 19-08-2026,11.5,30.9,-63%,LD,01-06-2026 To 19-08-2026,161.3,234.4,-31%,"D","From 01-08-2026 To 19-08-2026",90.4,74.3,22%,"E"
PUDUCHERRY (UT),2026-08-20,4.3,3.1,39%,E,13-08-2026 To 19-08-2026,11.5,30.9,-63%,LD,01-06-2026 To 20-08-2026,165.6,237.5,-30%,"D","From 01-08-2026 To 20-08-2026",94.7,77.4,22%,"E"
PUDUCHERRY (UT),2026-08-21,9.3,5.8,61%,LE,13-08-2026 To 19-08-2026,11.5,30.9,-63%,LD,01-06-2026 To 21-08-2026,175,243.3,-28%,"D","From 01-08-2026 To 21-08-2026",104.1,83.2,25%,"E"
PUDUCHERRY (UT),2026-08-22,0.2,6.6,-98%,LD,13-08-2026 To 19-08-2026,11.5,30.9,-63%,LD,01-06-2026 To 22-08-2026,175.1,249.9,-30%,"D","From 01-08-2026 To 22-08-2026",104.2,89.8,16%,"N"
PUDUCHERRY (UT),2026-08-23,0,4,-100%,NR,13-08-2026 To 19-08-2026,11.5,30.9,-63%,LD,01-06-2026 To 23-08-2026,175.1,253.9,-31%,"D","From 01-08-2026 To 23-08-2026",104.2,93.8,11%,"N"
PUDUCHERRY (UT),2026-08-24,1.5,4.3,-65%,LD,13-08-2026 To 19-08-2026,11.5,30.9,-63%,LD,01-06-2026 To 24-08-2026,176.6,258.2,-32%,"D","From 01-08-2026 To 24-08-2026",105.7,98.1,8%,"N"
PUDUCHERRY (UT),2026-08-25,0.8,4.6,-82%,LD,13-08-2026 To 19-08-2026,11.5,30.9,-63%,LD,01-06-2026 To 25-08-2026,177.4,262.8,-32%,"D","From 01-08-2026 To 25-08-2026",106.5,102.7,4%,"N"
PUDUCHERRY (UT),2026-08-26,0,3.4,-100%,NR,20-08-2026 To 26-08-2026,16.1,31.8,-49%,D,01-06-2026 To 26-08-2026,177.4,266.2,-33%,"D","From 01-08-2026 To 26-08-2026",106.5,106.1,0%,"N"
PUDUCHERRY (UT),2026-08-27,0.1,7,-99%,LD,20-08-2026 To 26-08-2026,16.1,31.8,-49%,D,01-06-2026 To 27-08-2026,177.5,273.2,-35%,"D","From 01-08-2026 To 27-08-2026",106.6,113.1,-6%,"N"
PUDUCHERRY (UT),2026-08-28,0,2.8,-99%,LD,20-08-2026 To 26-08-2026,16.1,31.8,-49%,D,01-06-2026 To 28-08-2026,177.5,276,-36%,"D","From 01-08-2026 To 28-08-2026",106.6,115.9,-8%,"N"
PUDUCHERRY (UT),2026-08-29,10,3.9,156%,LE,20-08-2026 To 26-08-2026,16.1,31.8,-49%,D,01-06-2026 To 29-08-2026,187.3,279.9,-33%,"D","From 01-08-2026 To 29-08-2026",116.4,119.8,-3%,"N"
PUDUCHERRY (UT),2026-08-30,0,3.1,-100%,NR,20-08-2026 To 26-08-2026,16.1,31.8,-49%,D,01-06-2026 To 30-08-2026,187.3,283,-34%,"D","From 01-08-2026 To 30-08-2026",116.4,122.9,-5%,"N"
PUDUCHERRY (UT),2026-08-31,0,4.7,-100%,NR,20-08-2026 To 26-08-2026,16.1,31.8,-49%,D,01-06-2026 To 31-08-2026,187.3,287.7,-35%,"D","From 01-08-2026 To 31-08-2026",116.4,127.6,-9%,"N"
PUDUCHERRY (UT),2026-09-01,0,3.9,-100%,NR,20-08-2026 To 26-08-2026,16.1,31.8,-49%,D,01-06-2026 To 01-09-2026,187.3,291.6,-36%,"D","From 01-08-2026 To 31-08-2026",116.4,127.6,-9%,"N"
PUDUCHERRY (UT),2026-09-02,1,3.6,-73%,LD,27-08-2026 To 02-09-2026,10.9,29,-63%,LD,01-06-2026 To 02-09-2026,188.3,295.2,-36%,"D","From 01-09-2026 To 02-09-2026",1,7.5,-87%,LD
PUDUCHERRY (UT),2026-09-03,0,3.6,-100%,NR,27-08-2026 To 02-09-2026,10.9,29,-63%,LD,01-06-2026 To 03-09-2026,188.3,298.8,-37%,"D","From 01-09-2026 To 03-09-2026",1,11.1,-91%,LD
PUDUCHERRY (UT),2026-09-04,8.7,2.7,221%,LE,27-08-2026 To 02-09-2026,10.9,29,-63%,LD,01-06-2026 To 04-09-2026,197,301.5,-35%,"D","From 01-09-2026 To 04-09-2026",9.7,13.8,-30%,"D"
PUDUCHERRY (UT),2026-09-05,0,4.3,-100%,NR,27-08-2026 To 02-09-2026,10.9,29,-63%,LD,01-06-2026 To 05-09-2026,197,305.8,-36%,"D","From 01-09-2026 To 05-09-2026",9.7,18.1,-47%,"D"
PUDUCHERRY (UT),2026-09-06,2.4,3.7,-35%,D,27-08-2026 To 02-09-2026,10.9,29,-63%,LD,01-06-2026 To 06-09-2026,199.3,309.5,-36%,"D","From 01-09-2026 To 06-09-2026",12,21.8,-45%,"D"
PUDUCHERRY (UT),2026-09-07,0,5.6,-100%,NR,27-08-2026 To 02-09-2026,10.9,29,-63%,LD,01-06-2026 To 07-09-2026,199.3,315.1,-37%,"D","From 01-09-2026 To 07-09-2026",12,27.4,-56%,"D"
PUDUCHERRY (UT),2026-09-08,0,3.6,-100%,NR,27-08-2026 To 02-09-2026,10.9,29,-63%,LD,01-06-2026 To 08-09-2026,199.3,318.7,-37%,"D","From 01-09-2026 To 08-09-2026",12,31,-61%,LD
PUDUCHERRY (UT),2026-09-09,0,3.3,-100%,NR,03-09-2026 To 09-09-2026,11,26.8,-59%,D,01-06-2026 To 09-09-2026,199.3,322,-38%,"D","From 01-09-2026 To 09-09-2026",12,34.3,-65%,LD
PUDUCHERRY (UT),2026-09-10,7.1,4.8,49%,E,03-09-2026 To 09-09-2026,11,26.8,-59%,D,01-06-2026 To 10-09-2026,206.4,326.8,-37%,"D","From 01-09-2026 To 10-09-2026",19,39.1,-51%,"D"
PUDUCHERRY (UT),2026-09-11,0,4.7,-100%,NR,03-09-2026 To 09-09-2026,11,26.8,-59%,D,01-06-2026 To 11-09-2026,206.4,331.5,-38%,"D","From 01-09-2026 To 11-09-2026",19,43.8,-57%,"D"
PUDUCHERRY (UT),2026-09-12,1.1,4.7,-76%,LD,03-09-2026 To 09-09-2026,11,26.8,-59%,D,01-06-2026 To 12-09-2026,207.5,336.2,-38%,"D","From 01-09-2026 To 12-09-2026",20.2,48.5,-58%,"D"
PUNJAB,2026-08-19,12.3,3.6,243%,LE,13-08-2026 To 19-08-2026,27.5,31.3,-12%,N,01-06-2026 To 19-08-2026,212.7,318.2,-33%,"D","From 01-08-2026 To 19-08-2026",70.8,102.3,-31%,"D"
PUNJAB,2026-08-20,2,3.8,-49%,D,13-08-2026 To 19-08-2026,27.5,31.3,-12%,N,01-06-2026 To 20-08-2026,214.7,322,-33%,"D","From 01-08-2026 To 20-08-2026",72.8,106.1,-31%,"D"
PUNJAB,2026-08-21,7.4,3.6,105%,LE,13-08-2026 To 19-08-2026,27.5,31.3,-12%,N,01-06-2026 To 21-08-2026,222,325.6,-32%,"D","From 01-08-2026 To 21-08-2026",80.1,109.7,-27%,"D"
PUNJAB,2026-08-22,2.6,4.1,-37%,D,13-08-2026 To 19-08-2026,27.5,31.3,-12%,N,01-06-2026 To 22-08-2026,224.6,329.7,-32%,"D","From 01-08-2026 To 22-08-2026",82.7,113.8,-27%,"D"
PUNJAB,2026-08-23,1,4.7,-78%,LD,13-08-2026 To 19-08-2026,27.5,31.3,-12%,N,01-06-2026 To 23-08-2026,225.7,334.4,-33%,"D","From 01-08-2026 To 23-08-2026",83.8,118.5,-29%,"D"
PUNJAB,2026-08-24,1.3,3.8,-66%,LD,13-08-2026 To 19-08-2026,27.5,31.3,-12%,N,01-06-2026 To 24-08-2026,226.9,338.2,-33%,"D","From 01-08-2026 To 24-08-2026",85.1,122.3,-30%,"D"
PUNJAB,2026-08-25,0.1,3.5,-98%,LD,13-08-2026 To 19-08-2026,27.5,31.3,-12%,N,01-06-2026 To 25-08-2026,227,341.7,-34%,"D","From 01-08-2026 To 25-08-2026",85.1,125.8,-32%,"D"
PUNJAB,2026-08-26,1.7,3.1,-45%,D,20-08-2026 To 26-08-2026,16,26.6,-40%,D,01-06-2026 To 26-08-2026,228.7,344.8,-34%,"D","From 01-08-2026 To 26-08-2026",86.8,128.9,-33%,"D"
PUNJAB,2026-08-27,0.5,4.2,-88%,LD,20-08-2026 To 26-08-2026,16,26.6,-40%,D,01-06-2026 To 27-08-2026,229.2,349,-34%,"D","From 01-08-2026 To 27-08-2026",87.3,133.1,-34%,"D"
PUNJAB,2026-08-28,0.1,4.8,-97%,LD,20-08-2026 To 26-08-2026,16,26.6,-40%,D,01-06-2026 To 28-08-2026,229.4,353.8,-35%,"D","From 01-08-2026 To 28-08-2026",87.5,137.9,-37%,"D"
PUNJAB,2026-08-29,0.6,3.3,-81%,LD,20-08-2026 To 26-08-2026,16,26.6,-40%,D,01-06-2026 To 29-08-2026,230,357.1,-36%,"D","From 01-08-2026 To 29-08-2026",88.1,141.2,-38%,"D"
PUNJAB,2026-08-30,0.2,2.7,-91%,LD,20-08-2026 To 26-08-2026,16,26.6,-40%,D,01-06-2026 To 30-08-2026,230.2,359.8,-36%,"D","From 01-08-2026 To 30-08-2026",88.3,143.9,-39%,"D"
PUNJAB,2026-08-31,0.3,2.3,-87%,LD,20-08-2026 To 26-08-2026,16,26.6,-40%,D,01-06-2026 To 31-08-2026,230.5,362.1,-36%,"D","From 01-08-2026 To 31-08-2026",88.7,146.2,-39%,"D"
PUNJAB,2026-09-01,0.6,3.4,-82%,LD,20-08-2026 To 26-08-2026,16,26.6,-40%,D,01-06-2026 To 01-09-2026,231.1,365.5,-37%,"D","From 01-08-2026 To 31-08-2026",88.7,146.2,-39%,"D"
PUNJAB,2026-09-02,2.7,4,-33%,D,27-08-2026 To 02-09-2026,5.1,24.7,-79%,LD,01-06-2026 To 02-09-2026,233.8,369.5,-37%,"D","From 01-09-2026 To 02-09-2026",3.3,7.4,-56%,"D"
PUNJAB,2026-09-03,1.4,4.6,-69%,LD,27-08-2026 To 02-09-2026,5.1,24.7,-79%,LD,01-06-2026 To 03-09-2026,235.3,374.1,-37%,"D","From 01-09-2026 To 03-09-2026",4.7,12,-61%,LD
PUNJAB,2026-09-04,2.7,4.5,-40%,D,27-08-2026 To 02-09-2026,5.1,24.7,-79%,LD,01-06-2026 To 04-09-2026,237.9,378.6,-37%,"D","From 01-09-2026 To 04-09-2026",7.3,16.5,-56%,"D"
PUNJAB,2026-09-05,4.5,4.2,8%,N,27-08-2026 To 02-09-2026,5.1,24.7,-79%,LD,01-06-2026 To 05-09-2026,242.3,382.8,-37%,"D","From 01-09-2026 To 05-09-2026",11.7,20.7,-43%,"D"
PUNJAB,2026-09-06,0.7,3,-78%,LD,27-08-2026 To 02-09-2026,5.1,24.7,-79%,LD,01-06-2026 To 06-09-2026,242.9,385.8,-37%,"D","From 01-09-2026 To 06-09-2026",12.4,23.7,-48%,"D"
PUNJAB,2026-09-07,0.3,2.6,-90%,LD,27-08-2026 To 02-09-2026,5.1,24.7,-79%,LD,01-06-2026 To 07-09-2026,243.2,388.4,-37%,"D","From 01-09-2026 To 07-09-2026",12.7,26.3,-52%,"D"
PUNJAB,2026-09-08,0,4.3,-99%,LD,27-08-2026 To 02-09-2026,5.1,24.7,-79%,LD,01-06-2026 To 08-09-2026,243.2,392.7,-38%,"D","From 01-09-2026 To 08-09-2026",12.7,30.6,-59%,"D"
PUNJAB,2026-09-09,0.1,3.9,-98%,LD,03-09-2026 To 09-09-2026,9.5,27.1,-65%,LD,01-06-2026 To 09-09-2026,243.3,396.6,-39%,"D","From 01-09-2026 To 09-09-2026",12.7,34.5,-63%,LD
PUNJAB,2026-09-10,0.1,4.5,-97%,LD,03-09-2026 To 09-09-2026,9.5,27.1,-65%,LD,01-06-2026 To 10-09-2026,243.4,401.1,-39%,"D","From 01-09-2026 To 10-09-2026",12.9,39,-67%,LD
PUNJAB,2026-09-11,0.1,1.8,-93%,LD,03-09-2026 To 09-09-2026,9.5,27.1,-65%,LD,01-06-2026 To 11-09-2026,243.5,402.9,-40%,"D","From 01-09-2026 To 11-09-2026",13,40.8,-68%,LD
PUNJAB,2026-09-12,1,2.6,-62%,LD,03-09-2026 To 09-09-2026,9.5,27.1,-65%,LD,01-06-2026 To 12-09-2026,244.5,405.5,-40%,"D","From 01-09-2026 To 12-09-2026",14,43.4,-68%,LD
RAJASTHAN,2026-08-19,0,4.3,-99%,LD,13-08-2026 To 19-08-2026,24.5,37.6,-35%,D,01-06-2026 To 19-08-2026,265.2,321.4,-17%,"N","From 01-08-2026 To 19-08-2026",86.2,105,-18%,"N"
RAJASTHAN,2026-08-20,0,5.3,-99%,LD,13-08-2026 To 19-08-2026,24.5,37.6,-35%,D,01-06-2026 To 20-08-2026,265.2,326.7,-19%,"N","From 01-08-2026 To 20-08-2026",86.3,110.3,-22%,"D"
RAJASTHAN,2026-08-21,0.4,5.3,-92%,LD,13-08-2026 To 19-08-2026,24.5,37.6,-35%,D,01-06-2026 To 21-08-2026,265.7,332,-20%,"D","From 01-08-2026 To 21-08-2026",86.7,115.6,-25%,"D"
RAJASTHAN,2026-08-22,0.1,4.5,-97%,LD,13-08-2026 To 19-08-2026,24.5,37.6,-35%,D,01-06-2026 To 22-08-2026,265.8,336.5,-21%,"D","From 01-08-2026 To 22-08-2026",86.8,120.1,-28%,"D"
RAJASTHAN,2026-08-23,0.5,4.8,-90%,LD,13-08-2026 To 19-08-2026,24.5,37.6,-35%,D,01-06-2026 To 23-08-2026,266.3,341.3,-22%,"D","From 01-08-2026 To 23-08-2026",87.3,124.9,-30%,"D"
RAJASTHAN,2026-08-24,2,4.3,-52%,D,13-08-2026 To 19-08-2026,24.5,37.6,-35%,D,01-06-2026 To 24-08-2026,268.3,345.6,-22%,"D","From 01-08-2026 To 24-08-2026",89.3,129.2,-31%,"D"
RAJASTHAN,2026-08-25,5.4,4.4,23%,E,13-08-2026 To 19-08-2026,24.5,37.6,-35%,D,01-06-2026 To 25-08-2026,273.7,350,-22%,"D","From 01-08-2026 To 25-08-2026",94.7,133.6,-29%,"D"
RAJASTHAN,2026-08-26,5.6,3.7,50%,E,20-08-2026 To 26-08-2026,14.1,32.3,-56%,D,01-06-2026 To 26-08-2026,279.3,353.7,-21%,"D","From 01-08-2026 To 26-08-2026",100.3,137.3,-27%,"D"
RAJASTHAN,2026-08-27,2.9,3.8,-23%,D,20-08-2026 To 26-08-2026,14.1,32.3,-56%,D,01-06-2026 To 27-08-2026,282.2,357.5,-21%,"D","From 01-08-2026 To 27-08-2026",103.2,141.1,-27%,"D"
RAJASTHAN,2026-08-28,0.4,3.8,-90%,LD,20-08-2026 To 26-08-2026,14.1,32.3,-56%,D,01-06-2026 To 28-08-2026,282.6,361.3,-22%,"D","From 01-08-2026 To 28-08-2026",103.6,144.9,-29%,"D"
RAJASTHAN,2026-08-29,0,3.2,-100%,NR,20-08-2026 To 26-08-2026,14.1,32.3,-56%,D,01-06-2026 To 29-08-2026,282.6,364.5,-22%,"D","From 01-08-2026 To 29-08-2026",103.6,148.1,-30%,"D"
RAJASTHAN,2026-08-30,0,3.8,-100%,NR,20-08-2026 To 26-08-2026,14.1,32.3,-56%,D,01-06-2026 To 30-08-2026,282.6,368.3,-23%,"D","From 01-08-2026 To 30-08-2026",103.6,151.9,-32%,"D"
RAJASTHAN,2026-08-31,0,3.8,-100%,NR,20-08-2026 To 26-08-2026,14.1,32.3,-56%,D,01-06-2026 To 31-08-2026,282.6,372.1,-24%,"D","From 01-08-2026 To 31-08-2026",103.6,155.7,-33%,"D"
RAJASTHAN,2026-09-01,0,3.9,-100%,NR,20-08-2026 To 26-08-2026,14.1,32.3,-56%,D,01-06-2026 To 01-09-2026,282.6,376,-25%,"D","From 01-08-2026 To 31-08-2026",103.6,155.7,-33%,"D"
RAJASTHAN,2026-09-02,0,4,-99%,LD,27-08-2026 To 02-09-2026,3.3,26.3,-87%,LD,01-06-2026 To 02-09-2026,282.6,380,-26%,"D","From 01-09-2026 To 02-09-2026",0,7.9,-99%,LD
RAJASTHAN,2026-09-03,0.2,4.1,-95%,LD,27-08-2026 To 02-09-2026,3.3,26.3,-87%,LD,01-06-2026 To 03-09-2026,282.8,384.1,-26%,"D","From 01-09-2026 To 03-09-2026",0.2,12,-98%,LD
RAJASTHAN,2026-09-04,4.5,4.1,10%,N,27-08-2026 To 02-09-2026,3.3,26.3,-87%,LD,01-06-2026 To 04-09-2026,286.8,388.2,-26%,"D","From 01-09-2026 To 04-09-2026",4.2,16.1,-74%,LD
RAJASTHAN,2026-09-05,8,3.4,134%,LE,27-08-2026 To 02-09-2026,3.3,26.3,-87%,LD,01-06-2026 To 05-09-2026,294.7,391.6,-25%,"D","From 01-09-2026 To 05-09-2026",12.2,19.5,-38%,"D"
RAJASTHAN,2026-09-06,6.5,3.3,98%,LE,27-08-2026 To 02-09-2026,3.3,26.3,-87%,LD,01-06-2026 To 06-09-2026,301.3,394.9,-24%,"D","From 01-09-2026 To 06-09-2026",18.7,22.8,-18%,"N"
RAJASTHAN,2026-09-07,2.4,3.5,-31%,D,27-08-2026 To 02-09-2026,3.3,26.3,-87%,LD,01-06-2026 To 07-09-2026,303.7,398.4,-24%,"D","From 01-09-2026 To 07-09-2026",21.1,26.3,-20%,"D"
RAJASTHAN,2026-09-08,1.2,4.1,-71%,LD,27-08-2026 To 02-09-2026,3.3,26.3,-87%,LD,01-06-2026 To 08-09-2026,304.9,402.5,-24%,"D","From 01-09-2026 To 08-09-2026",22.3,30.4,-27%,"D"
RAJASTHAN,2026-09-09,0,3.2,-98%,LD,03-09-2026 To 09-09-2026,22.4,25.7,-13%,N,01-06-2026 To 09-09-2026,304.9,405.7,-25%,"D","From 01-09-2026 To 09-09-2026",22.4,33.6,-33%,"D"
RAJASTHAN,2026-09-10,0,2.1,-100%,NR,03-09-2026 To 09-09-2026,22.4,25.7,-13%,N,01-06-2026 To 10-09-2026,304.9,407.8,-25%,"D","From 01-09-2026 To 10-09-2026",22.4,35.7,-37%,"D"
RAJASTHAN,2026-09-11,0,2.3,-100%,NR,03-09-2026 To 09-09-2026,22.4,25.7,-13%,N,01-06-2026 To 11-09-2026,304.9,410.1,-26%,"D","From 01-09-2026 To 11-09-2026",22.4,38,-41%,"D"
RAJASTHAN,2026-09-12,1.3,2.7,-50%,D,03-09-2026 To 09-09-2026,22.4,25.7,-13%,N,01-06-2026 To 12-09-2026,306.3,412.8,-26%,"D","From 01-09-2026 To 12-09-2026",23.7,40.7,-42%,"D"
REGION : CENTRAL INDIA,2026-08-19,0,0,"","",13-08-2026 To 19-08-2026,0,0,"","",01-06-2026 To 19-08-2026,0,0,"","","From 01-08-2026 To 19-08-2026",0,0,"",""
REGION : CENTRAL INDIA,2026-08-20,0,0,"","",13-08-2026 To 19-08-2026,0,0,"","",01-06-2026 To 20-08-2026,0,0,"","","From 01-08-2026 To 20-08-2026",0,0,"",""
REGION : CENTRAL INDIA,2026-08-21,0,0,"","",13-08-2026 To 19-08-2026,0,0,"","",01-06-2026 To 21-08-2026,0,0,"","","From 01-08-2026 To 21-08-2026",0,0,"",""
REGION : CENTRAL INDIA,2026-08-22,0,0,"","",13-08-2026 To 19-08-2026,0,0,"","",01-06-2026 To 22-08-2026,0,0,"","","From 01-08-2026 To 22-08-2026",0,0,"",""
REGION : CENTRAL INDIA,2026-08-23,0,0,"","",13-08-2026 To 19-08-2026,0,0,"","",01-06-2026 To 23-08-2026,0,0,"","","From 01-08-2026 To 23-08-2026",0,0,"",""
REGION : CENTRAL INDIA,2026-08-24,0,0,"","",13-08-2026 To 19-08-2026,0,0,"","",01-06-2026 To 24-08-2026,0,0,"","","From 01-08-2026 To 24-08-2026",0,0,"",""
REGION : CENTRAL INDIA,2026-08-25,0,0,"","",13-08-2026 To 19-08-2026,0,0,"","",01-06-2026 To 25-08-2026,0,0,"","","From 01-08-2026 To 25-08-2026",0,0,"",""
REGION : CENTRAL INDIA,2026-08-26,0,0,"","",20-08-2026 To 26-08-2026,0,0,"","",01-06-2026 To 26-08-2026,0,0,"","","From 01-08-2026 To 26-08-2026",0,0,"",""
REGION : CENTRAL INDIA,2026-08-27,0,0,"","",20-08-2026 To 26-08-2026,0,0,"","",01-06-2026 To 27-08-2026,0,0,"","","From 01-08-2026 To 27-08-2026",0,0,"",""
REGION : CENTRAL INDIA,2026-08-28,0,0,"","",20-08-2026 To 26-08-2026,0,0,"","",01-06-2026 To 28-08-2026,0,0,"","","From 01-08-2026 To 28-08-2026",0,0,"",""
REGION : CENTRAL INDIA,2026-08-29,0,0,"","",20-08-2026 To 26-08-2026,0,0,"","",01-06-2026 To 29-08-2026,0,0,"","","From 01-08-2026 To 29-08-2026",0,0,"",""
REGION : CENTRAL INDIA,2026-08-30,0,0,"","",20-08-2026 To 26-08-2026,0,0,"","",01-06-2026 To 30-08-2026,0,0,"","","From 01-08-2026 To 30-08-2026",0,0,"",""
REGION : CENTRAL INDIA,2026-08-31,0,0,"","",20-08-2026 To 26-08-2026,0,0,"","",01-06-2026 To 31-08-2026,0,0,"","","From 01-08-2026 To 31-08-2026",0,0,"",""
REGION : CENTRAL INDIA,2026-09-01,0,0,"","",20-08-2026 To 26-08-2026,0,0,"","",01-06-2026 To 01-09-2026,0,0,"","","From 01-08-2026 To 31-08-2026",0,0,"",""
REGION : CENTRAL INDIA,2026-09-02,0,0,"","",27-08-2026 To 02-09-2026,0,0,"","",01-06-2026 To 02-09-2026,0,0,"","","From 01-09-2026 To 02-09-2026",0,0,"",""
REGION : CENTRAL INDIA,2026-09-03,0,0,"","",27-08-2026 To 02-09-2026,0,0,"","",01-06-2026 To 03-09-2026,0,0,"","","From 01-09-2026 To 03-09-2026",0,0,"",""
REGION : CENTRAL INDIA,2026-09-04,0,0,"","",27-08-2026 To 02-09-2026,0,0,"","",01-06-2026 To 04-09-2026,0,0,"","","From 01-09-2026 To 04-09-2026",0,0,"",""
REGION : CENTRAL INDIA,2026-09-05,0,0,"","",27-08-2026 To 02-09-2026,0,0,"","",01-06-2026 To 05-09-2026,0,0,"","","From 01-09-2026 To 05-09-2026",0,0,"",""
REGION : CENTRAL INDIA,2026-09-06,0,0,"","",27-08-2026 To 02-09-2026,0,0,"","",01-06-2026 To 06-09-2026,0,0,"","","From 01-09-2026 To 06-09-2026",0,0,"",""
REGION : CENTRAL INDIA,2026-09-07,0,0,"","",27-08-2026 To 02-09-2026,0,0,"","",01-06-2026 To 07-09-2026,0,0,"","","From 01-09-2026 To 07-09-2026",0,0,"",""
REGION : CENTRAL INDIA,2026-09-08,0,0,"","",27-08-2026 To 02-09-2026,0,0,"","",01-06-2026 To 08-09-2026,0,0,"","","From 01-09-2026 To 08-09-2026",0,0,"",""
REGION : CENTRAL INDIA,2026-09-09,0,0,"","",03-09-2026 To 09-09-2026,0,0,"","",01-06-2026 To 09-09-2026,0,0,"","","From 01-09-2026 To 09-09-2026",0,0,"",""
REGION : CENTRAL INDIA,2026-09-10,0,0,"","",03-09-2026 To 09-09-2026,0,0,"","",01-06-2026 To 10-09-2026,0,0,"","","From 01-09-2026 To 10-09-2026",0,0,"",""
REGION : CENTRAL INDIA,2026-09-11,0,0,"","",03-09-2026 To 09-09-2026,0,0,"","",01-06-2026 To 11-09-2026,0,0,"","","From 01-09-2026 To 11-09-2026",0,0,"",""
REGION : CENTRAL INDIA,2026-09-12,0,0,"","",03-09-2026 To 09-09-2026,0,0,"","",01-06-2026 To 12-09-2026,0,0,"","","From 01-09-2026 To 12-09-2026",0,0,"",""
REGION : NORTH WEST INDIA,2026-08-19,0,0,"","",13-08-2026 To 19-08-2026,0,0,"","",01-06-2026 To 19-08-2026,0,0,"","","From 01-08-2026 To 19-08-2026",0,0,"",""
REGION : NORTH WEST INDIA,2026-08-20,0,0,"","",13-08-2026 To 19-08-2026,0,0,"","",01-06-2026 To 20-08-2026,0,0,"","","From 01-08-2026 To 20-08-2026",0,0,"",""
REGION : NORTH WEST INDIA,2026-08-21,0,0,"","",13-08-2026 To 19-08-2026,0,0,"","",01-06-2026 To 21-08-2026,0,0,"","","From 01-08-2026 To 21-08-2026",0,0,"",""
REGION : NORTH WEST INDIA,2026-08-22,0,0,"","",13-08-2026 To 19-08-2026,0,0,"","",01-06-2026 To 22-08-2026,0,0,"","","From 01-08-2026 To 22-08-2026",0,0,"",""
REGION : NORTH WEST INDIA,2026-08-23,0,0,"","",13-08-2026 To 19-08-2026,0,0,"","",01-06-2026 To 23-08-2026,0,0,"","","From 01-08-2026 To 23-08-2026",0,0,"",""
REGION : NORTH WEST INDIA,2026-08-24,0,0,"","",13-08-2026 To 19-08-2026,0,0,"","",01-06-2026 To 24-08-2026,0,0,"","","From 01-08-2026 To 24-08-2026",0,0,"",""
REGION : NORTH WEST INDIA,2026-08-25,0,0,"","",13-08-2026 To 19-08-2026,0,0,"","",01-06-2026 To 25-08-2026,0,0,"","","From 01-08-2026 To 25-08-2026",0,0,"",""
REGION : NORTH WEST INDIA,2026-08-26,0,0,"","",20-08-2026 To 26-08-2026,0,0,"","",01-06-2026 To 26-08-2026,0,0,"","","From 01-08-2026 To 26-08-2026",0,0,"",""
REGION : NORTH WEST INDIA,2026-08-27,0,0,"","",20-08-2026 To 26-08-2026,0,0,"","",01-06-2026 To 27-08-2026,0,0,"","","From 01-08-2026 To 27-08-2026",0,0,"",""
REGION : NORTH WEST INDIA,2026-08-28,0,0,"","",20-08-2026 To 26-08-2026,0,0,"","",01-06-2026 To 28-08-2026,0,0,"","","From 01-08-2026 To 28-08-2026",0,0,"",""
REGION : NORTH WEST INDIA,2026-08-29,0,0,"","",20-08-2026 To 26-08-2026,0,0,"","",01-06-2026 To 29-08-2026,0,0,"","","From 01-08-2026 To 29-08-2026",0,0,"",""
REGION : NORTH WEST INDIA,2026-08-30,0,0,"","",20-08-2026 To 26-08-2026,0,0,"","",01-06-2026 To 30-08-2026,0,0,"","","From 01-08-2026 To 30-08-2026",0,0,"",""
REGION : NORTH WEST INDIA,2026-08-31,0,0,"","",20-08-2026 To 26-08-2026,0,0,"","",01-06-2026 To 31-08-2026,0,0,"","","From 01-08-2026 To 31-08-2026",0,0,"",""
REGION : NORTH WEST INDIA,2026-09-01,0,0,"","",20-08-2026 To 26-08-2026,0,0,"","",01-06-2026 To 01-09-2026,0,0,"","","From 01-08-2026 To 31-08-2026",0,0,"",""
REGION : NORTH WEST INDIA,2026-09-02,0,0,"","",27-08-2026 To 02-09-2026,0,0,"","",01-06-2026 To 02-09-2026,0,0,"","","From 01-09-2026 To 02-09-2026",0,0,"",""
REGION : NORTH WEST INDIA,2026-09-03,0,0,"","",27-08-2026 To 02-09-2026,0,0,"","",01-06-2026 To 03-09-2026,0,0,"","","From 01-09-2026 To 03-09-2026",0,0,"",""
REGION : NORTH WEST INDIA,2026-09-04,0,0,"","",27-08-2026 To 02-09-2026,0,0,"","",01-06-2026 To 04-09-2026,0,0,"","","From 01-09-2026 To 04-09-2026",0,0,"",""
REGION : NORTH WEST INDIA,2026-09-05,0,0,"","",27-08-2026 To 02-09-2026,0,0,"","",01-06-2026 To 05-09-2026,0,0,"","","From 01-09-2026 To 05-09-2026",0,0,"",""
REGION : NORTH WEST INDIA,2026-09-06,0,0,"","",27-08-2026 To 02-09-2026,0,0,"","",01-06-2026 To 06-09-2026,0,0,"","","From 01-09-2026 To 06-09-2026",0,0,"",""
REGION : NORTH WEST INDIA,2026-09-07,0,0,"","",27-08-2026 To 02-09-2026,0,0,"","",01-06-2026 To 07-09-2026,0,0,"","","From 01-09-2026 To 07-09-2026",0,0,"",""
REGION : NORTH WEST INDIA,2026-09-08,0,0,"","",27-08-2026 To 02-09-2026,0,0,"","",01-06-2026 To 08-09-2026,0,0,"","","From 01-09-2026 To 08-09-2026",0,0,"",""
REGION : NORTH WEST INDIA,2026-09-09,0,0,"","",03-09-2026 To 09-09-2026,0,0,"","",01-06-2026 To 09-09-2026,0,0,"","","From 01-09-2026 To 09-09-2026",0,0,"",""
REGION : NORTH WEST INDIA,2026-09-10,0,0,"","",03-09-2026 To 09-09-2026,0,0,"","",01-06-2026 To 10-09-2026,0,0,"","","From 01-09-2026 To 10-09-2026",0,0,"",""
REGION : NORTH WEST INDIA,2026-09-11,0,0,"","",03-09-2026 To 09-09-2026,0,0,"","",01-06-2026 To 11-09-2026,0,0,"","","From 01-09-2026 To 11-09-2026",0,0,"",""
REGION : NORTH WEST INDIA,2026-09-12,0,0,"","",03-09-2026 To 09-09-2026,0,0,"","",01-06-2026 To 12-09-2026,0,0,"","","From 01-09-2026 To 12-09-2026",0,0,"",""
REGION : SOUTH PENINSULA,2026-08-19,0,0,"","",13-08-2026 To 19-08-2026,0,0,"","",01-06-2026 To 19-08-2026,0,0,"","","From 01-08-2026 To 19-08-2026",0,0,"",""
REGION : SOUTH PENINSULA,2026-08-20,0,0,"","",13-08-2026 To 19-08-2026,0,0,"","",01-06-2026 To 20-08-2026,0,0,"","","From 01-08-2026 To 20-08-2026",0,0,"",""
REGION : SOUTH PENINSULA,2026-08-21,0,0,"","",13-08-2026 To 19-08-2026,0,0,"","",01-06-2026 To 21-08-2026,0,0,"","","From 01-08-2026 To 21-08-2026",0,0,"",""
REGION : SOUTH PENINSULA,2026-08-22,0,0,"","",13-08-2026 To 19-08-2026,0,0,"","",01-06-2026 To 22-08-2026,0,0,"","","From 01-08-2026 To 22-08-2026",0,0,"",""
REGION : SOUTH PENINSULA,2026-08-23,0,0,"","",13-08-2026 To 19-08-2026,0,0,"","",01-06-2026 To 23-08-2026,0,0,"","","From 01-08-2026 To 23-08-2026",0,0,"",""
REGION : SOUTH PENINSULA,2026-08-24,0,0,"","",13-08-2026 To 19-08-2026,0,0,"","",01-06-2026 To 24-08-2026,0,0,"","","From 01-08-2026 To 24-08-2026",0,0,"",""
REGION : SOUTH PENINSULA,2026-08-25,0,0,"","",13-08-2026 To 19-08-2026,0,0,"","",01-06-2026 To 25-08-2026,0,0,"","","From 01-08-2026 To 25-08-2026",0,0,"",""
REGION : SOUTH PENINSULA,2026-08-26,0,0,"","",20-08-2026 To 26-08-2026,0,0,"","",01-06-2026 To 26-08-2026,0,0,"","","From 01-08-2026 To 26-08-2026",0,0,"",""
REGION : SOUTH PENINSULA,2026-08-27,0,0,"","",20-08-2026 To 26-08-2026,0,0,"","",01-06-2026 To 27-08-2026,0,0,"","","From 01-08-2026 To 27-08-2026",0,0,"",""
REGION : SOUTH PENINSULA,2026-08-28,0,0,"","",20-08-2026 To 26-08-2026,0,0,"","",01-06-2026 To 28-08-2026,0,0,"","","From 01-08-2026 To 28-08-2026",0,0,"",""
REGION : SOUTH PENINSULA,2026-08-29,0,0,"","",20-08-2026 To 26-08-2026,0,0,"","",01-06-2026 To 29-08-2026,0,0,"","","From 01-08-2026 To 29-08-2026",0,0,"",""
REGION : SOUTH PENINSULA,2026-08-30,0,0,"","",20-08-2026 To 26-08-2026,0,0,"","",01-06-2026 To 30-08-2026,0,0,"","","From 01-08-2026 To 30-08-2026",0,0,"",""
REGION : SOUTH PENINSULA,2026-08-31,0,0,"","",20-08-2026 To 26-08-2026,0,0,"","",01-06-2026 To 31-08-2026,0,0,"","","From 01-08-2026 To 31-08-2026",0,0,"",""
REGION : SOUTH PENINSULA,2026-09-01,0,0,"","",20-08-2026 To 26-08-2026,0,0,"","",01-06-2026 To 01-09-2026,0,0,"","","From 01-08-2026 To 31-08-2026",0,0,"",""
REGION : SOUTH PENINSULA,2026-09-02,0,0,"","",27-08-2026 To 02-09-2026,0,0,"","",01-06-2026 To 02-09-2026,0,0,"","","From 01-09-2026 To 02-09-2026",0,0,"",""
REGION : SOUTH PENINSULA,2026-09-03,0,0,"","",27-08-2026 To 02-09-2026,0,0,"","",01-06-2026 To 03-09-2026,0,0,"","","From 01-09-2026 To 03-09-2026",0,0,"",""
REGION : SOUTH PENINSULA,2026-09-04,0,0,"","",27-08-2026 To 02-09-2026,0,0,"","",01-06-2026 To 04-09-2026,0,0,"","","From 01-09-2026 To 04-09-2026",0,0,"",""
REGION : SOUTH PENINSULA,2026-09-05,0,0,"","",27-08-2026 To 02-09-2026,0,0,"","",01-06-2026 To 05-09-2026,0,0,"","","From 01-09-2026 To 05-09-2026",0,0,"",""
REGION : SOUTH PENINSULA,2026-09-06,0,0,"","",27-08-2026 To 02-09-2026,0,0,"","",01-06-2026 To 06-09-2026,0,0,"","","From 01-09-2026 To 06-09-2026",0,0,"",""
REGION : SOUTH PENINSULA,2026-09-07,0,0,"","",27-08-2026 To 02-09-2026,0,0,"","",01-06-2026 To 07-09-2026,0,0,"","","From 01-09-2026 To 07-09-2026",0,0,"",""
REGION : SOUTH PENINSULA,2026-09-08,0,0,"","",27-08-2026 To 02-09-2026,0,0,"","",01-06-2026 To 08-09-2026,0,0,"","","From 01-09-2026 To 08-09-2026",0,0,"",""
REGION : SOUTH PENINSULA,2026-09-09,0,0,"","",03-09-2026 To 09-09-2026,0,0,"","",01-06-2026 To 09-09-2026,0,0,"","","From 01-09-2026 To 09-09-2026",0,0,"",""
REGION : SOUTH PENINSULA,2026-09-10,0,0,"","",03-09-2026 To 09-09-2026,0,0,"","",01-06-2026 To 10-09-2026,0,0,"","","From 01-09-2026 To 10-09-2026",0,0,"",""
REGION : SOUTH PENINSULA,2026-09-11,0,0,"","",03-09-2026 To 09-09-2026,0,0,"","",01-06-2026 To 11-09-2026,0,0,"","","From 01-09-2026 To 11-09-2026",0,0,"",""
REGION : SOUTH PENINSULA,2026-09-12,0,0,"","",03-09-2026 To 09-09-2026,0,0,"","",01-06-2026 To 12-09-2026,0,0,"","","From 01-09-2026 To 12-09-2026",0,0,"",""
SIKKIM,2026-08-19,14.5,12.2,19%,N,13-08-2026 To 19-08-2026,59.7,91.1,-34%,D,01-06-2026 To 19-08-2026,1174.9,1169.4,0%,"N","From 01-08-2026 To 19-08-2026",250,256.6,-3%,"N"
SIKKIM,2026-08-20,4.2,12.5,-67%,LD,13-08-2026 To 19-08-2026,59.7,91.1,-34%,D,01-06-2026 To 20-08-2026,1179.1,1181.9,0%,"N","From 01-08-2026 To 20-08-2026",254.1,269.1,-6%,"N"
SIKKIM,2026-08-21,10.2,13.2,-23%,D,13-08-2026 To 19-08-2026,59.7,91.1,-34%,D,01-06-2026 To 21-08-2026,1189.2,1195.1,0%,"N","From 01-08-2026 To 21-08-2026",264.3,282.3,-6%,"N"
SIKKIM,2026-08-22,10.2,13.7,-25%,D,13-08-2026 To 19-08-2026,59.7,91.1,-34%,D,01-06-2026 To 22-08-2026,1199.5,1208.8,-1%,"N","From 01-08-2026 To 22-08-2026",274.5,296,-7%,"N"
SIKKIM,2026-08-23,10.8,14.8,-27%,D,13-08-2026 To 19-08-2026,59.7,91.1,-34%,D,01-06-2026 To 23-08-2026,1210.3,1223.6,-1%,"N","From 01-08-2026 To 23-08-2026",285.3,310.8,-8%,"N"
SIKKIM,2026-08-24,2.2,13.4,-83%,LD,13-08-2026 To 19-08-2026,59.7,91.1,-34%,D,01-06-2026 To 24-08-2026,1212.5,1237,-2%,"N","From 01-08-2026 To 24-08-2026",287.5,324.2,-11%,"N"
SIKKIM,2026-08-25,7.9,13.9,-43%,D,13-08-2026 To 19-08-2026,59.7,91.1,-34%,D,01-06-2026 To 25-08-2026,1220.4,1250.9,-2%,"N","From 01-08-2026 To 25-08-2026",295.5,338.1,-13%,"N"
SIKKIM,2026-08-26,14.2,13.9,2%,N,20-08-2026 To 26-08-2026,59.8,95.4,-37%,D,01-06-2026 To 26-08-2026,1234.7,1264.8,-2%,"N","From 01-08-2026 To 26-08-2026",309.7,352,-12%,"N"
SIKKIM,2026-08-27,3.9,14.8,-74%,LD,20-08-2026 To 26-08-2026,59.8,95.4,-37%,D,01-06-2026 To 27-08-2026,1238.5,1279.6,-3%,"N","From 01-08-2026 To 27-08-2026",313.6,366.8,-15%,"N"
SIKKIM,2026-08-28,9.1,12.3,-26%,D,20-08-2026 To 26-08-2026,59.8,95.4,-37%,D,01-06-2026 To 28-08-2026,1247.6,1291.9,-3%,"N","From 01-08-2026 To 28-08-2026",322.7,379.1,-15%,"N"
SIKKIM,2026-08-29,13.7,12.2,12%,N,20-08-2026 To 26-08-2026,59.8,95.4,-37%,D,01-06-2026 To 29-08-2026,1261.3,1304.1,-3%,"N","From 01-08-2026 To 29-08-2026",336.4,391.3,-14%,"N"
SIKKIM,2026-08-30,5.9,14.2,-58%,D,20-08-2026 To 26-08-2026,59.8,95.4,-37%,D,01-06-2026 To 30-08-2026,1267.3,1318.3,-4%,"N","From 01-08-2026 To 30-08-2026",342.3,405.5,-16%,"N"
SIKKIM,2026-08-31,7.8,13,-40%,D,20-08-2026 To 26-08-2026,59.8,95.4,-37%,D,01-06-2026 To 31-08-2026,1275,1331.3,-4%,"N","From 01-08-2026 To 31-08-2026",350.1,418.5,-16%,"N"
SIKKIM,2026-09-01,24.8,14.5,71%,LE,20-08-2026 To 26-08-2026,59.8,95.4,-37%,D,01-06-2026 To 01-09-2026,1299.8,1345.8,-3%,"N","From 01-08-2026 To 31-08-2026",350.1,418.5,-16%,"N"
SIKKIM,2026-09-02,27.7,12.1,129%,LE,27-08-2026 To 02-09-2026,92.8,93.1,0%,N,01-06-2026 To 02-09-2026,1327.5,1357.9,-2%,"N","From 01-09-2026 To 02-09-2026",52.5,26.6,97%,LE
SIKKIM,2026-09-03,7.5,13.3,-43%,D,27-08-2026 To 02-09-2026,92.8,93.1,0%,N,01-06-2026 To 03-09-2026,1335,1371.2,-3%,"N","From 01-09-2026 To 03-09-2026",60,39.9,50%,"E"
SIKKIM,2026-09-04,8.3,13.3,-38%,D,27-08-2026 To 02-09-2026,92.8,93.1,0%,N,01-06-2026 To 04-09-2026,1343.3,1384.5,-3%,"N","From 01-09-2026 To 04-09-2026",68.3,53.2,28%,"E"
SIKKIM,2026-09-05,5.2,14,-63%,LD,27-08-2026 To 02-09-2026,92.8,93.1,0%,N,01-06-2026 To 05-09-2026,1348.5,1398.5,-4%,"N","From 01-09-2026 To 05-09-2026",73.5,67.2,9%,"N"
SIKKIM,2026-09-06,7.3,14.4,-50%,D,27-08-2026 To 02-09-2026,92.8,93.1,0%,N,01-06-2026 To 06-09-2026,1355.8,1412.9,-4%,"N","From 01-09-2026 To 06-09-2026",80.7,81.6,-1%,"N"
SIKKIM,2026-09-07,6.3,10,-37%,D,27-08-2026 To 02-09-2026,92.8,93.1,0%,N,01-06-2026 To 07-09-2026,1362.1,1422.9,-4%,"N","From 01-09-2026 To 07-09-2026",87.1,91.6,-5%,"N"
SIKKIM,2026-09-08,0.4,9.2,-96%,LD,27-08-2026 To 02-09-2026,92.8,93.1,0%,N,01-06-2026 To 08-09-2026,1362.5,1432.1,-5%,"N","From 01-09-2026 To 08-09-2026",87.4,100.8,-13%,"N"
SIKKIM,2026-09-09,11.1,10.2,9%,N,03-09-2026 To 09-09-2026,46.1,84.4,-45%,D,01-06-2026 To 09-09-2026,1373.6,1442.3,-5%,"N","From 01-09-2026 To 09-09-2026",98.6,111,-11%,"N"
SIKKIM,2026-09-10,5.6,11.4,-51%,D,03-09-2026 To 09-09-2026,46.1,84.4,-45%,D,01-06-2026 To 10-09-2026,1379.2,1453.7,-5%,"N","From 01-09-2026 To 10-09-2026",104.2,122.4,-15%,"N"
SIKKIM,2026-09-11,5.9,12.5,-52%,D,03-09-2026 To 09-09-2026,46.1,84.4,-45%,D,01-06-2026 To 11-09-2026,1385.2,1466.2,-6%,"N","From 01-09-2026 To 11-09-2026",110.1,134.9,-18%,"N"
SIKKIM,2026-09-12,2.9,13,-78%,LD,03-09-2026 To 09-09-2026,46.1,84.4,-45%,D,01-06-2026 To 12-09-2026,1388,1479.2,-6%,"N","From 01-09-2026 To 12-09-2026",113,147.9,-24%,"D"
TAMIL NADU,2026-08-19,1.1,3.4,-68%,LD,13-08-2026 To 19-08-2026,10,23.8,-58%,D,01-06-2026 To 19-08-2026,145.9,171.7,-15%,"N","From 01-08-2026 To 19-08-2026",49.5,52,-5%,"N"
TAMIL NADU,2026-08-20,2.9,3,-2%,N,13-08-2026 To 19-08-2026,10,23.8,-58%,D,01-06-2026 To 20-08-2026,148.8,174.7,-15%,"N","From 01-08-2026 To 20-08-2026",52.4,55,-5%,"N"
TAMIL NADU,2026-08-21,2.9,3.7,-21%,D,13-08-2026 To 19-08-2026,10,23.8,-58%,D,01-06-2026 To 21-08-2026,151.7,178.4,-15%,"N","From 01-08-2026 To 21-08-2026",55.3,58.7,-6%,"N"
TAMIL NADU,2026-08-22,0.9,3.8,-76%,LD,13-08-2026 To 19-08-2026,10,23.8,-58%,D,01-06-2026 To 22-08-2026,152.6,182.2,-16%,"N","From 01-08-2026 To 22-08-2026",56.2,62.5,-10%,"N"
TAMIL NADU,2026-08-23,0.3,3.4,-91%,LD,13-08-2026 To 19-08-2026,10,23.8,-58%,D,01-06-2026 To 23-08-2026,152.9,185.6,-18%,"N","From 01-08-2026 To 23-08-2026",56.5,65.9,-14%,"N"
TAMIL NADU,2026-08-24,3.7,3.7,0%,N,13-08-2026 To 19-08-2026,10,23.8,-58%,D,01-06-2026 To 24-08-2026,156.6,189.3,-17%,"N","From 01-08-2026 To 24-08-2026",60.3,69.6,-13%,"N"
TAMIL NADU,2026-08-25,3.5,3.4,4%,N,13-08-2026 To 19-08-2026,10,23.8,-58%,D,01-06-2026 To 25-08-2026,160.2,192.7,-17%,"N","From 01-08-2026 To 25-08-2026",63.8,73,-13%,"N"
TAMIL NADU,2026-08-26,1.1,2.9,-63%,LD,20-08-2026 To 26-08-2026,15.4,23.9,-36%,D,01-06-2026 To 26-08-2026,161.3,195.6,-18%,"N","From 01-08-2026 To 26-08-2026",64.9,75.9,-15%,"N"
TAMIL NADU,2026-08-27,1.9,3.3,-44%,D,20-08-2026 To 26-08-2026,15.4,23.9,-36%,D,01-06-2026 To 27-08-2026,163.1,198.9,-18%,"N","From 01-08-2026 To 27-08-2026",66.7,79.2,-16%,"N"
TAMIL NADU,2026-08-28,0.2,2.7,-92%,LD,20-08-2026 To 26-08-2026,15.4,23.9,-36%,D,01-06-2026 To 28-08-2026,163.3,201.6,-19%,"N","From 01-08-2026 To 28-08-2026",66.9,81.9,-18%,"N"
TAMIL NADU,2026-08-29,1.2,2.7,-56%,D,20-08-2026 To 26-08-2026,15.4,23.9,-36%,D,01-06-2026 To 29-08-2026,164.5,204.3,-19%,"N","From 01-08-2026 To 29-08-2026",68.1,84.6,-19%,"N"
TAMIL NADU,2026-08-30,0.5,2.4,-81%,LD,20-08-2026 To 26-08-2026,15.4,23.9,-36%,D,01-06-2026 To 30-08-2026,165,206.7,-20%,"D","From 01-08-2026 To 30-08-2026",68.6,87,-21%,"D"
TAMIL NADU,2026-08-31,0.1,3,-98%,LD,20-08-2026 To 26-08-2026,15.4,23.9,-36%,D,01-06-2026 To 31-08-2026,165,209.7,-21%,"D","From 01-08-2026 To 31-08-2026",68.6,90,-24%,"D"
TAMIL NADU,2026-09-01,0,3.5,-99%,LD,20-08-2026 To 26-08-2026,15.4,23.9,-36%,D,01-06-2026 To 01-09-2026,165,213.2,-23%,"D","From 01-08-2026 To 31-08-2026",68.6,90,-24%,"D"
TAMIL NADU,2026-09-02,0.6,3.5,-83%,LD,27-08-2026 To 02-09-2026,4.4,21.1,-79%,LD,01-06-2026 To 02-09-2026,165.6,216.7,-24%,"D","From 01-09-2026 To 02-09-2026",0.6,7,-92%,LD
TAMIL NADU,2026-09-03,1.7,3.6,-53%,D,27-08-2026 To 02-09-2026,4.4,21.1,-79%,LD,01-06-2026 To 03-09-2026,167.3,220.3,-24%,"D","From 01-09-2026 To 03-09-2026",2.3,10.6,-78%,LD
TAMIL NADU,2026-09-04,3.3,2.9,15%,N,27-08-2026 To 02-09-2026,4.4,21.1,-79%,LD,01-06-2026 To 04-09-2026,170.6,223.2,-24%,"D","From 01-09-2026 To 04-09-2026",5.6,13.5,-58%,"D"
TAMIL NADU,2026-09-05,2.4,3.3,-28%,D,27-08-2026 To 02-09-2026,4.4,21.1,-79%,LD,01-06-2026 To 05-09-2026,173,226.5,-24%,"D","From 01-09-2026 To 05-09-2026",8,16.8,-53%,"D"
TAMIL NADU,2026-09-06,4.8,3.3,45%,E,27-08-2026 To 02-09-2026,4.4,21.1,-79%,LD,01-06-2026 To 06-09-2026,177.8,229.8,-23%,"D","From 01-09-2026 To 06-09-2026",12.8,20.1,-37%,"D"
TAMIL NADU,2026-09-07,3.3,4,-18%,N,27-08-2026 To 02-09-2026,4.4,21.1,-79%,LD,01-06-2026 To 07-09-2026,181.1,233.8,-23%,"D","From 01-09-2026 To 07-09-2026",16,24.1,-33%,"D"
TAMIL NADU,2026-09-08,1,3.3,-70%,LD,27-08-2026 To 02-09-2026,4.4,21.1,-79%,LD,01-06-2026 To 08-09-2026,182.1,237.1,-23%,"D","From 01-09-2026 To 08-09-2026",17,27.4,-38%,"D"
TAMIL NADU,2026-09-09,0,3.5,-99%,LD,03-09-2026 To 09-09-2026,16.5,23.9,-31%,D,01-06-2026 To 09-09-2026,182.1,240.6,-24%,"D","From 01-09-2026 To 09-09-2026",17.1,30.9,-45%,"D"
TAMIL NADU,2026-09-10,0.4,3.6,-88%,LD,03-09-2026 To 09-09-2026,16.5,23.9,-31%,D,01-06-2026 To 10-09-2026,182.5,244.2,-25%,"D","From 01-09-2026 To 10-09-2026",17.5,34.5,-49%,"D"
TAMIL NADU,2026-09-11,1.6,4.2,-61%,LD,03-09-2026 To 09-09-2026,16.5,23.9,-31%,D,01-06-2026 To 11-09-2026,184.1,248.4,-26%,"D","From 01-09-2026 To 11-09-2026",19.1,38.7,-51%,"D"
TAMIL NADU,2026-09-12,0.2,3.8,-94%,LD,03-09-2026 To 09-09-2026,16.5,23.9,-31%,D,01-06-2026 To 12-09-2026,184.4,252.2,-27%,"D","From 01-09-2026 To 12-09-2026",19.3,42.5,-55%,"D"
TELANGANA,2026-08-19,5.7,6.4,-11%,N,13-08-2026 To 19-08-2026,17.3,48.1,-64%,LD,01-06-2026 To 19-08-2026,422.8,493.4,-14%,"N","From 01-08-2026 To 19-08-2026",77.4,143.5,-46%,"D"
TELANGANA,2026-08-20,1.8,9.3,-80%,LD,13-08-2026 To 19-08-2026,17.3,48.1,-64%,LD,01-06-2026 To 20-08-2026,424.5,502.7,-16%,"N","From 01-08-2026 To 20-08-2026",79.2,152.8,-48%,"D"
TELANGANA,2026-08-21,0.4,7,-94%,LD,13-08-2026 To 19-08-2026,17.3,48.1,-64%,LD,01-06-2026 To 21-08-2026,425.1,509.7,-17%,"N","From 01-08-2026 To 21-08-2026",79.7,159.8,-50%,"D"
TELANGANA,2026-08-22,0.5,6.8,-93%,LD,13-08-2026 To 19-08-2026,17.3,48.1,-64%,LD,01-06-2026 To 22-08-2026,425.6,516.5,-18%,"N","From 01-08-2026 To 22-08-2026",80.2,166.6,-52%,"D"
TELANGANA,2026-08-23,7.1,7.3,-2%,N,13-08-2026 To 19-08-2026,17.3,48.1,-64%,LD,01-06-2026 To 23-08-2026,432.9,523.8,-17%,"N","From 01-08-2026 To 23-08-2026",87.3,173.9,-50%,"D"
TELANGANA,2026-08-24,13.9,6.7,108%,LE,13-08-2026 To 19-08-2026,17.3,48.1,-64%,LD,01-06-2026 To 24-08-2026,449.3,530.5,-15%,"N","From 01-08-2026 To 24-08-2026",101.2,180.6,-44%,"D"
TELANGANA,2026-08-25,4.8,6.3,-25%,D,13-08-2026 To 19-08-2026,17.3,48.1,-64%,LD,01-06-2026 To 25-08-2026,454.9,536.8,-15%,"N","From 01-08-2026 To 25-08-2026",106,186.9,-43%,"D"
TELANGANA,2026-08-26,1.7,6.2,-72%,LD,20-08-2026 To 26-08-2026,30.3,49.6,-39%,D,01-06-2026 To 26-08-2026,456.5,543,-16%,"N","From 01-08-2026 To 26-08-2026",107.7,193.1,-44%,"D"
TELANGANA,2026-08-27,3.6,6.8,-47%,D,20-08-2026 To 26-08-2026,30.3,49.6,-39%,D,01-06-2026 To 27-08-2026,460.8,549.8,-16%,"N","From 01-08-2026 To 27-08-2026",111.3,199.9,-44%,"D"
TELANGANA,2026-08-28,0.6,6.1,-91%,LD,20-08-2026 To 26-08-2026,30.3,49.6,-39%,D,01-06-2026 To 28-08-2026,461.4,555.9,-17%,"N","From 01-08-2026 To 28-08-2026",111.8,206,-46%,"D"
TELANGANA,2026-08-29,0.4,5.9,-94%,LD,20-08-2026 To 26-08-2026,30.3,49.6,-39%,D,01-06-2026 To 29-08-2026,461.6,561.8,-18%,"N","From 01-08-2026 To 29-08-2026",112.2,211.9,-47%,"D"
TELANGANA,2026-08-30,2.8,6.6,-57%,D,20-08-2026 To 26-08-2026,30.3,49.6,-39%,D,01-06-2026 To 30-08-2026,464.7,568.4,-18%,"N","From 01-08-2026 To 30-08-2026",115,218.5,-47%,"D"
TELANGANA,2026-08-31,1.1,7.6,-85%,LD,20-08-2026 To 26-08-2026,30.3,49.6,-39%,D,01-06-2026 To 31-08-2026,465.8,576,-19%,"N","From 01-08-2026 To 31-08-2026",116.2,226.1,-49%,"D"
TELANGANA,2026-09-01,0.1,5.2,-98%,LD,20-08-2026 To 26-08-2026,30.3,49.6,-39%,D,01-06-2026 To 01-09-2026,465.9,581.2,-20%,"D","From 01-08-2026 To 31-08-2026",116.2,226.1,-49%,"D"
TELANGANA,2026-09-02,0.8,6,-87%,LD,27-08-2026 To 02-09-2026,9.4,44.2,-79%,LD,01-06-2026 To 02-09-2026,466.6,587.2,-21%,"D","From 01-09-2026 To 02-09-2026",0.9,11.2,-92%,LD
TELANGANA,2026-09-03,2,5.7,-65%,LD,27-08-2026 To 02-09-2026,9.4,44.2,-79%,LD,01-06-2026 To 03-09-2026,469,592.9,-21%,"D","From 01-09-2026 To 03-09-2026",2.9,16.9,-83%,LD
TELANGANA,2026-09-04,1.5,5.2,-72%,LD,27-08-2026 To 02-09-2026,9.4,44.2,-79%,LD,01-06-2026 To 04-09-2026,470.5,598.1,-21%,"D","From 01-09-2026 To 04-09-2026",4.4,22.1,-80%,LD
TELANGANA,2026-09-05,0.3,4.7,-94%,LD,27-08-2026 To 02-09-2026,9.4,44.2,-79%,LD,01-06-2026 To 05-09-2026,470.7,602.8,-22%,"D","From 01-09-2026 To 05-09-2026",4.7,26.8,-83%,LD
TELANGANA,2026-09-06,1,5.2,-82%,LD,27-08-2026 To 02-09-2026,9.4,44.2,-79%,LD,01-06-2026 To 06-09-2026,471.5,608,-22%,"D","From 01-09-2026 To 06-09-2026",5.6,32,-82%,LD
TELANGANA,2026-09-07,3.4,5.3,-36%,D,27-08-2026 To 02-09-2026,9.4,44.2,-79%,LD,01-06-2026 To 07-09-2026,475.7,613.3,-22%,"D","From 01-09-2026 To 07-09-2026",9,37.3,-76%,LD
TELANGANA,2026-09-08,1.9,5.4,-65%,LD,27-08-2026 To 02-09-2026,9.4,44.2,-79%,LD,01-06-2026 To 08-09-2026,477.6,618.7,-23%,"D","From 01-09-2026 To 08-09-2026",10.9,42.7,-75%,LD
TELANGANA,2026-09-09,0.4,4,-89%,LD,03-09-2026 To 09-09-2026,10.4,35.5,-71%,LD,01-06-2026 To 09-09-2026,478,622.7,-23%,"D","From 01-09-2026 To 09-09-2026",11.3,46.7,-76%,LD
TELANGANA,2026-09-10,0.9,4.6,-80%,LD,03-09-2026 To 09-09-2026,10.4,35.5,-71%,LD,01-06-2026 To 10-09-2026,478.7,627.3,-24%,"D","From 01-09-2026 To 10-09-2026",12.2,51.3,-76%,LD
TELANGANA,2026-09-11,0.8,5.7,-85%,LD,03-09-2026 To 09-09-2026,10.4,35.5,-71%,LD,01-06-2026 To 11-09-2026,479.5,633,-24%,"D","From 01-09-2026 To 11-09-2026",13,57,-77%,LD
TELANGANA,2026-09-12,5.3,6,-12%,N,03-09-2026 To 09-09-2026,10.4,35.5,-71%,LD,01-06-2026 To 12-09-2026,485.6,639,-24%,"D","From 01-09-2026 To 12-09-2026",18.3,63,-71%,LD
TRIPURA,2026-08-19,0.7,11,-94%,LD,13-08-2026 To 19-08-2026,28.9,81.8,-65%,LD,01-06-2026 To 19-08-2026,851.1,1013.7,-16%,"N","From 01-08-2026 To 19-08-2026",147.4,208,-29%,"D"
TRIPURA,2026-08-20,1,12.2,-92%,LD,13-08-2026 To 19-08-2026,28.9,81.8,-65%,LD,01-06-2026 To 20-08-2026,852,1025.9,-17%,"N","From 01-08-2026 To 20-08-2026",148.4,220.2,-33%,"D"
TRIPURA,2026-08-21,10.2,10.1,1%,N,13-08-2026 To 19-08-2026,28.9,81.8,-65%,LD,01-06-2026 To 21-08-2026,862.3,1036,-17%,"N","From 01-08-2026 To 21-08-2026",158.6,230.3,-31%,"D"
TRIPURA,2026-08-22,22.8,9.4,143%,LE,13-08-2026 To 19-08-2026,28.9,81.8,-65%,LD,01-06-2026 To 22-08-2026,885.1,1045.4,-15%,"N","From 01-08-2026 To 22-08-2026",181.4,239.7,-24%,"D"
TRIPURA,2026-08-23,30.6,7.6,302%,LE,13-08-2026 To 19-08-2026,28.9,81.8,-65%,LD,01-06-2026 To 23-08-2026,915.6,1053,-13%,"N","From 01-08-2026 To 23-08-2026",212,247.3,-14%,"N"
TRIPURA,2026-08-24,2.4,10.8,-78%,LD,13-08-2026 To 19-08-2026,28.9,81.8,-65%,LD,01-06-2026 To 24-08-2026,918,1063.8,-14%,"N","From 01-08-2026 To 24-08-2026",214.4,258.1,-17%,"N"
TRIPURA,2026-08-25,5.4,10.4,-48%,D,13-08-2026 To 19-08-2026,28.9,81.8,-65%,LD,01-06-2026 To 25-08-2026,923.4,1074.2,-14%,"N","From 01-08-2026 To 25-08-2026",219.8,268.5,-18%,"N"
TRIPURA,2026-08-26,1.6,13,-88%,LD,20-08-2026 To 26-08-2026,74,73.5,1%,N,01-06-2026 To 26-08-2026,925,1087.2,-15%,"N","From 01-08-2026 To 26-08-2026",221.4,281.5,-21%,"D"
TRIPURA,2026-08-27,0.6,10.7,-94%,LD,20-08-2026 To 26-08-2026,74,73.5,1%,N,01-06-2026 To 27-08-2026,925.7,1097.9,-16%,"N","From 01-08-2026 To 27-08-2026",222,292.2,-24%,"D"
TRIPURA,2026-08-28,36.7,9.9,271%,LE,20-08-2026 To 26-08-2026,74,73.5,1%,N,01-06-2026 To 28-08-2026,962.4,1107.8,-13%,"N","From 01-08-2026 To 28-08-2026",258.7,302.1,-14%,"N"
TRIPURA,2026-08-29,25.3,11.4,122%,LE,20-08-2026 To 26-08-2026,74,73.5,1%,N,01-06-2026 To 29-08-2026,987.7,1119.2,-12%,"N","From 01-08-2026 To 29-08-2026",284.1,313.5,-9%,"N"
TRIPURA,2026-08-30,4.7,7.6,-38%,D,20-08-2026 To 26-08-2026,74,73.5,1%,N,01-06-2026 To 30-08-2026,992.4,1126.8,-12%,"N","From 01-08-2026 To 30-08-2026",288.8,321.1,-10%,"N"
TRIPURA,2026-08-31,5.8,9.1,-36%,D,20-08-2026 To 26-08-2026,74,73.5,1%,N,01-06-2026 To 31-08-2026,998.2,1135.9,-12%,"N","From 01-08-2026 To 31-08-2026",294.6,330.2,-11%,"N"
TRIPURA,2026-09-01,10.9,10.2,6%,N,20-08-2026 To 26-08-2026,74,73.5,1%,N,01-06-2026 To 01-09-2026,1009.1,1146.1,-12%,"N","From 01-08-2026 To 31-08-2026",294.6,330.2,-11%,"N"
TRIPURA,2026-09-02,5.4,8,-33%,D,27-08-2026 To 02-09-2026,89.5,66.9,34%,E,01-06-2026 To 02-09-2026,1014.5,1154.1,-12%,"N","From 01-09-2026 To 02-09-2026",16.2,18.2,-11%,"N"
TRIPURA,2026-09-03,7.2,7.6,-5%,N,27-08-2026 To 02-09-2026,89.5,66.9,34%,E,01-06-2026 To 03-09-2026,1021.7,1161.7,-12%,"N","From 01-09-2026 To 03-09-2026",23.5,25.8,-9%,"N"
TRIPURA,2026-09-04,3.2,9.2,-65%,LD,27-08-2026 To 02-09-2026,89.5,66.9,34%,E,01-06-2026 To 04-09-2026,1024.9,1170.9,-12%,"N","From 01-09-2026 To 04-09-2026",26.7,35,-24%,"D"
TRIPURA,2026-09-05,2.5,10.9,-77%,LD,27-08-2026 To 02-09-2026,89.5,66.9,34%,E,01-06-2026 To 05-09-2026,1027.5,1181.8,-13%,"N","From 01-09-2026 To 05-09-2026",29.2,45.9,-36%,"D"
TRIPURA,2026-09-06,2.8,9.2,-70%,LD,27-08-2026 To 02-09-2026,89.5,66.9,34%,E,01-06-2026 To 06-09-2026,1030.2,1191,-13%,"N","From 01-09-2026 To 06-09-2026",32,55.1,-42%,"D"
TRIPURA,2026-09-07,7.4,7.4,0%,N,27-08-2026 To 02-09-2026,89.5,66.9,34%,E,01-06-2026 To 07-09-2026,1037.6,1198.4,-13%,"N","From 01-09-2026 To 07-09-2026",39.4,62.5,-37%,"D"
TRIPURA,2026-09-08,3.2,7.4,-56%,D,27-08-2026 To 02-09-2026,89.5,66.9,34%,E,01-06-2026 To 08-09-2026,1040.9,1205.8,-14%,"N","From 01-09-2026 To 08-09-2026",42.6,69.9,-39%,"D"
TRIPURA,2026-09-09,19.1,8.5,125%,LE,03-09-2026 To 09-09-2026,45.5,60.2,-24%,D,01-06-2026 To 09-09-2026,1060,1214.3,-13%,"N","From 01-09-2026 To 09-09-2026",61.7,78.4,-21%,"D"
TRIPURA,2026-09-10,3,10,-70%,LD,03-09-2026 To 09-09-2026,45.5,60.2,-24%,D,01-06-2026 To 10-09-2026,1063,1224.3,-13%,"N","From 01-09-2026 To 10-09-2026",64.8,88.4,-27%,"D"
TRIPURA,2026-09-11,8.5,9.7,-13%,N,03-09-2026 To 09-09-2026,45.5,60.2,-24%,D,01-06-2026 To 11-09-2026,1071.5,1234,-13%,"N","From 01-09-2026 To 11-09-2026",73.2,98.1,-25%,"D"
TRIPURA,2026-09-12,15,9,67%,LE,03-09-2026 To 09-09-2026,45.5,60.2,-24%,D,01-06-2026 To 12-09-2026,1086.5,1243,-13%,"N","From 01-09-2026 To 12-09-2026",88.3,107.1,-18%,"N"
UTTARAKHAND,2026-08-19,15.2,16.8,-10%,N,13-08-2026 To 19-08-2026,120.9,103.5,17%,N,01-06-2026 To 19-08-2026,853.6,859.3,-1%,"N","From 01-08-2026 To 19-08-2026",287.5,264.7,9%,"N"
UTTARAKHAND,2026-08-20,12.4,12.1,3%,N,13-08-2026 To 19-08-2026,120.9,103.5,17%,N,01-06-2026 To 20-08-2026,866,871.4,-1%,"N","From 01-08-2026 To 20-08-2026",299.9,276.8,8%,"N"
UTTARAKHAND,2026-08-21,10.7,10.3,4%,N,13-08-2026 To 19-08-2026,120.9,103.5,17%,N,01-06-2026 To 21-08-2026,876.8,881.7,-1%,"N","From 01-08-2026 To 21-08-2026",310.6,287.1,8%,"N"
UTTARAKHAND,2026-08-22,6.1,11.5,-47%,D,13-08-2026 To 19-08-2026,120.9,103.5,17%,N,01-06-2026 To 22-08-2026,882.8,893.2,-1%,"N","From 01-08-2026 To 22-08-2026",316.7,298.6,6%,"N"
UTTARAKHAND,2026-08-23,8.1,11,-26%,D,13-08-2026 To 19-08-2026,120.9,103.5,17%,N,01-06-2026 To 23-08-2026,891,904.2,-1%,"N","From 01-08-2026 To 23-08-2026",324.9,309.6,5%,"N"
UTTARAKHAND,2026-08-24,5.4,7.5,-27%,D,13-08-2026 To 19-08-2026,120.9,103.5,17%,N,01-06-2026 To 24-08-2026,896.4,911.7,-2%,"N","From 01-08-2026 To 24-08-2026",330.3,317.1,4%,"N"
UTTARAKHAND,2026-08-25,7.6,10.3,-26%,D,13-08-2026 To 19-08-2026,120.9,103.5,17%,N,01-06-2026 To 25-08-2026,904.1,922,-2%,"N","From 01-08-2026 To 25-08-2026",337.9,327.4,3%,"N"
UTTARAKHAND,2026-08-26,4.4,11.6,-62%,LD,20-08-2026 To 26-08-2026,54.8,74.3,-26%,D,01-06-2026 To 26-08-2026,908.5,933.6,-3%,"N","From 01-08-2026 To 26-08-2026",342.3,339,1%,"N"
UTTARAKHAND,2026-08-27,8.6,11.2,-24%,D,20-08-2026 To 26-08-2026,54.8,74.3,-26%,D,01-06-2026 To 27-08-2026,917,944.8,-3%,"N","From 01-08-2026 To 27-08-2026",350.9,350.2,0%,"N"
UTTARAKHAND,2026-08-28,5.9,9.8,-40%,D,20-08-2026 To 26-08-2026,54.8,74.3,-26%,D,01-06-2026 To 28-08-2026,922.9,954.6,-3%,"N","From 01-08-2026 To 28-08-2026",356.8,360,-1%,"N"
UTTARAKHAND,2026-08-29,6.6,9.1,-28%,D,20-08-2026 To 26-08-2026,54.8,74.3,-26%,D,01-06-2026 To 29-08-2026,929.4,963.7,-4%,"N","From 01-08-2026 To 29-08-2026",363.3,369.1,-2%,"N"
UTTARAKHAND,2026-08-30,16.5,7.4,123%,LE,20-08-2026 To 26-08-2026,54.8,74.3,-26%,D,01-06-2026 To 30-08-2026,946,971.1,-3%,"N","From 01-08-2026 To 30-08-2026",379.8,376.5,1%,"N"
UTTARAKHAND,2026-08-31,19.5,9.2,112%,LE,20-08-2026 To 26-08-2026,54.8,74.3,-26%,D,01-06-2026 To 31-08-2026,965.4,980.3,-2%,"N","From 01-08-2026 To 31-08-2026",399.3,385.7,4%,"N"
UTTARAKHAND,2026-09-01,27.1,9.3,191%,LE,20-08-2026 To 26-08-2026,54.8,74.3,-26%,D,01-06-2026 To 01-09-2026,992.5,989.6,0%,"N","From 01-08-2026 To 31-08-2026",399.3,385.7,4%,"N"
UTTARAKHAND,2026-09-02,28.4,10.2,178%,LE,27-08-2026 To 02-09-2026,112.4,66.2,70%,LE,01-06-2026 To 02-09-2026,1020.9,999.8,2%,"N","From 01-09-2026 To 02-09-2026",55.4,19.5,184%,LE
UTTARAKHAND,2026-09-03,16,9.7,65%,LE,27-08-2026 To 02-09-2026,112.4,66.2,70%,LE,01-06-2026 To 03-09-2026,1036.9,1009.5,3%,"N","From 01-09-2026 To 03-09-2026",71.5,29.2,145%,LE
UTTARAKHAND,2026-09-04,11.4,8.9,28%,E,27-08-2026 To 02-09-2026,112.4,66.2,70%,LE,01-06-2026 To 04-09-2026,1048.3,1018.4,3%,"N","From 01-09-2026 To 04-09-2026",82.9,38.1,118%,LE
UTTARAKHAND,2026-09-05,12.1,10.8,12%,N,27-08-2026 To 02-09-2026,112.4,66.2,70%,LE,01-06-2026 To 05-09-2026,1060.4,1029.2,3%,"N","From 01-09-2026 To 05-09-2026",95,48.9,94%,LE
UTTARAKHAND,2026-09-06,18.5,8.9,108%,LE,27-08-2026 To 02-09-2026,112.4,66.2,70%,LE,01-06-2026 To 06-09-2026,1078.9,1038.1,4%,"N","From 01-09-2026 To 06-09-2026",113.5,57.8,96%,LE
UTTARAKHAND,2026-09-07,20.7,8.7,137%,LE,27-08-2026 To 02-09-2026,112.4,66.2,70%,LE,01-06-2026 To 07-09-2026,1099.6,1046.8,5%,"N","From 01-09-2026 To 07-09-2026",134.2,66.5,102%,LE
UTTARAKHAND,2026-09-08,8.3,7.9,6%,N,27-08-2026 To 02-09-2026,112.4,66.2,70%,LE,01-06-2026 To 08-09-2026,1107.9,1054.7,5%,"N","From 01-09-2026 To 08-09-2026",142.5,74.4,92%,LE
UTTARAKHAND,2026-09-09,1.2,6,-80%,LD,03-09-2026 To 09-09-2026,88.3,60.9,45%,E,01-06-2026 To 09-09-2026,1109.1,1060.7,5%,"N","From 01-09-2026 To 09-09-2026",143.7,80.4,79%,LE
UTTARAKHAND,2026-09-10,1.3,6.4,-79%,LD,03-09-2026 To 09-09-2026,88.3,60.9,45%,E,01-06-2026 To 10-09-2026,1110.4,1067.1,4%,"N","From 01-09-2026 To 10-09-2026",145,86.8,67%,LE
UTTARAKHAND,2026-09-11,12.1,6.1,98%,LE,03-09-2026 To 09-09-2026,88.3,60.9,45%,E,01-06-2026 To 11-09-2026,1122.5,1073.2,5%,"N","From 01-09-2026 To 11-09-2026",157.1,92.9,69%,LE
UTTARAKHAND,2026-09-12,9.6,8.5,13%,N,03-09-2026 To 09-09-2026,88.3,60.9,45%,E,01-06-2026 To 12-09-2026,1132.1,1081.7,5%,"N","From 01-09-2026 To 12-09-2026",166.7,101.4,64%,LE
UTTAR PRADESH,2026-08-19,10.2,9.2,11%,N,13-08-2026 To 19-08-2026,79.1,64.6,22%,E,01-06-2026 To 19-08-2026,428.2,513.7,-17%,"N","From 01-08-2026 To 19-08-2026",165.5,156.1,6%,"N"
UTTAR PRADESH,2026-08-20,11.8,6.4,85%,LE,13-08-2026 To 19-08-2026,79.1,64.6,22%,E,01-06-2026 To 20-08-2026,440,520.1,-15%,"N","From 01-08-2026 To 20-08-2026",177.3,162.5,9%,"N"
UTTAR PRADESH,2026-08-21,4.5,5.6,-20%,D,13-08-2026 To 19-08-2026,79.1,64.6,22%,E,01-06-2026 To 21-08-2026,444.5,525.7,-15%,"N","From 01-08-2026 To 21-08-2026",181.8,168.1,8%,"N"
UTTAR PRADESH,2026-08-22,9.2,7.3,26%,E,13-08-2026 To 19-08-2026,79.1,64.6,22%,E,01-06-2026 To 22-08-2026,453.7,533,-15%,"N","From 01-08-2026 To 22-08-2026",191,175.4,9%,"N"
UTTAR PRADESH,2026-08-23,7.3,7.7,-5%,N,13-08-2026 To 19-08-2026,79.1,64.6,22%,E,01-06-2026 To 23-08-2026,461,540.7,-15%,"N","From 01-08-2026 To 23-08-2026",198.3,183.1,8%,"N"
UTTAR PRADESH,2026-08-24,6.9,7.7,-10%,N,13-08-2026 To 19-08-2026,79.1,64.6,22%,E,01-06-2026 To 24-08-2026,467.9,548.4,-15%,"N","From 01-08-2026 To 24-08-2026",205.2,190.8,8%,"N"
UTTAR PRADESH,2026-08-25,16.7,7.8,113%,LE,13-08-2026 To 19-08-2026,79.1,64.6,22%,E,01-06-2026 To 25-08-2026,484.6,556.2,-13%,"N","From 01-08-2026 To 25-08-2026",221.9,198.6,12%,"N"
UTTAR PRADESH,2026-08-26,16.5,8.1,103%,LE,20-08-2026 To 26-08-2026,72.8,50.6,44%,E,01-06-2026 To 26-08-2026,501,564.3,-11%,"N","From 01-08-2026 To 26-08-2026",238.3,206.7,15%,"N"
UTTAR PRADESH,2026-08-27,16.6,6.7,148%,LE,20-08-2026 To 26-08-2026,72.8,50.6,44%,E,01-06-2026 To 27-08-2026,517.6,571,-9%,"N","From 01-08-2026 To 27-08-2026",255,213.4,19%,"N"
UTTAR PRADESH,2026-08-28,13.2,6.3,110%,LE,20-08-2026 To 26-08-2026,72.8,50.6,44%,E,01-06-2026 To 28-08-2026,530.9,577.3,-8%,"N","From 01-08-2026 To 28-08-2026",268.2,219.7,22%,"E"
UTTAR PRADESH,2026-08-29,5.9,6,-2%,N,20-08-2026 To 26-08-2026,72.8,50.6,44%,E,01-06-2026 To 29-08-2026,536.8,583.3,-8%,"N","From 01-08-2026 To 29-08-2026",274.1,225.7,21%,"E"
UTTAR PRADESH,2026-08-30,8.8,4.8,84%,LE,20-08-2026 To 26-08-2026,72.8,50.6,44%,E,01-06-2026 To 30-08-2026,545.6,588.1,-7%,"N","From 01-08-2026 To 30-08-2026",282.9,230.5,23%,"E"
UTTAR PRADESH,2026-08-31,8.3,5,66%,LE,20-08-2026 To 26-08-2026,72.8,50.6,44%,E,01-06-2026 To 31-08-2026,553.9,593.1,-7%,"N","From 01-08-2026 To 31-08-2026",291.2,235.5,24%,"E"
UTTAR PRADESH,2026-09-01,19.2,7.1,171%,LE,20-08-2026 To 26-08-2026,72.8,50.6,44%,E,01-06-2026 To 01-09-2026,573.1,600.2,-5%,"N","From 01-08-2026 To 31-08-2026",291.2,235.5,24%,"E"
UTTAR PRADESH,2026-09-02,20.7,7.3,183%,LE,27-08-2026 To 02-09-2026,92.8,43.2,115%,LE,01-06-2026 To 02-09-2026,593.8,607.5,-2%,"N","From 01-09-2026 To 02-09-2026",39.9,14.4,177%,LE
UTTAR PRADESH,2026-09-03,13,6.5,101%,LE,27-08-2026 To 02-09-2026,92.8,43.2,115%,LE,01-06-2026 To 03-09-2026,606.8,614,-1%,"N","From 01-09-2026 To 03-09-2026",52.9,20.9,153%,LE
UTTAR PRADESH,2026-09-04,6.7,5.7,18%,N,27-08-2026 To 02-09-2026,92.8,43.2,115%,LE,01-06-2026 To 04-09-2026,613.5,619.7,-1%,"N","From 01-09-2026 To 04-09-2026",59.6,26.6,124%,LE
UTTAR PRADESH,2026-09-05,7.9,6.7,18%,N,27-08-2026 To 02-09-2026,92.8,43.2,115%,LE,01-06-2026 To 05-09-2026,621.4,626.4,-1%,"N","From 01-09-2026 To 05-09-2026",67.5,33.3,103%,LE
UTTAR PRADESH,2026-09-06,9,7.6,18%,N,27-08-2026 To 02-09-2026,92.8,43.2,115%,LE,01-06-2026 To 06-09-2026,630.4,634,-1%,"N","From 01-09-2026 To 06-09-2026",76.5,40.9,87%,LE
UTTAR PRADESH,2026-09-07,16.2,7.4,119%,LE,27-08-2026 To 02-09-2026,92.8,43.2,115%,LE,01-06-2026 To 07-09-2026,646.6,641.4,1%,"N","From 01-09-2026 To 07-09-2026",92.7,48.3,92%,LE
UTTAR PRADESH,2026-09-08,4.4,5.9,-25%,D,27-08-2026 To 02-09-2026,92.8,43.2,115%,LE,01-06-2026 To 08-09-2026,651.1,647.3,1%,"N","From 01-09-2026 To 08-09-2026",97.2,54.2,79%,LE
UTTAR PRADESH,2026-09-09,2.3,6,-61%,LD,03-09-2026 To 09-09-2026,59.6,45.8,30%,E,01-06-2026 To 09-09-2026,653.4,653.3,0%,"N","From 01-09-2026 To 09-09-2026",99.5,60.2,65%,LE
UTTAR PRADESH,2026-09-10,4.7,5.5,-14%,N,03-09-2026 To 09-09-2026,59.6,45.8,30%,E,01-06-2026 To 10-09-2026,658.1,658.8,0%,"N","From 01-09-2026 To 10-09-2026",104.2,65.7,59%,"E"
UTTAR PRADESH,2026-09-11,5.9,6.4,-8%,N,03-09-2026 To 09-09-2026,59.6,45.8,30%,E,01-06-2026 To 11-09-2026,664,665.2,0%,"N","From 01-09-2026 To 11-09-2026",110.1,72.1,53%,"E"
UTTAR PRADESH,2026-09-12,3.1,7.1,-56%,D,03-09-2026 To 09-09-2026,59.6,45.8,30%,E,01-06-2026 To 12-09-2026,667.1,672.3,-1%,"N","From 01-09-2026 To 12-09-2026",113.2,79.2,43%,"E"
WEST BENGAL,2026-08-19,10.2,9.5,7%,N,13-08-2026 To 19-08-2026,127.3,86.4,47%,E,01-06-2026 To 19-08-2026,983.2,924,6%,"N","From 01-08-2026 To 19-08-2026",266.8,221.4,20%,"E"
WEST BENGAL,2026-08-20,5.6,11.2,-50%,D,13-08-2026 To 19-08-2026,127.3,86.4,47%,E,01-06-2026 To 20-08-2026,988.7,935.2,6%,"N","From 01-08-2026 To 20-08-2026",272.3,232.6,17%,"N"
WEST BENGAL,2026-08-21,4.5,10.9,-59%,D,13-08-2026 To 19-08-2026,127.3,86.4,47%,E,01-06-2026 To 21-08-2026,993.2,946.1,5%,"N","From 01-08-2026 To 21-08-2026",276.8,243.5,14%,"N"
WEST BENGAL,2026-08-22,1.2,13.2,-91%,LD,13-08-2026 To 19-08-2026,127.3,86.4,47%,E,01-06-2026 To 22-08-2026,994.4,959.3,4%,"N","From 01-08-2026 To 22-08-2026",278,256.7,8%,"N"
WEST BENGAL,2026-08-23,2,9.7,-79%,LD,13-08-2026 To 19-08-2026,127.3,86.4,47%,E,01-06-2026 To 23-08-2026,996.4,969,3%,"N","From 01-08-2026 To 23-08-2026",280,266.4,5%,"N"
WEST BENGAL,2026-08-24,7.2,9.4,-24%,D,13-08-2026 To 19-08-2026,127.3,86.4,47%,E,01-06-2026 To 24-08-2026,1003.6,978.4,3%,"N","From 01-08-2026 To 24-08-2026",287.2,275.8,4%,"N"
WEST BENGAL,2026-08-25,10.5,8.6,22%,E,13-08-2026 To 19-08-2026,127.3,86.4,47%,E,01-06-2026 To 25-08-2026,1014.1,987,3%,"N","From 01-08-2026 To 25-08-2026",297.7,284.4,5%,"N"
WEST BENGAL,2026-08-26,10.4,9.9,5%,N,20-08-2026 To 26-08-2026,41.3,72.9,-43%,D,01-06-2026 To 26-08-2026,1024.5,996.9,3%,"N","From 01-08-2026 To 26-08-2026",308.1,294.3,5%,"N"
WEST BENGAL,2026-08-27,10.3,11.8,-13%,N,20-08-2026 To 26-08-2026,41.3,72.9,-43%,D,01-06-2026 To 27-08-2026,1034.8,1008.7,3%,"N","From 01-08-2026 To 27-08-2026",318.4,306.1,4%,"N"
WEST BENGAL,2026-08-28,9.2,10.5,-12%,N,20-08-2026 To 26-08-2026,41.3,72.9,-43%,D,01-06-2026 To 28-08-2026,1044,1019.2,2%,"N","From 01-08-2026 To 28-08-2026",327.6,316.6,3%,"N"
WEST BENGAL,2026-08-29,6.6,9.8,-32%,D,20-08-2026 To 26-08-2026,41.3,72.9,-43%,D,01-06-2026 To 29-08-2026,1050.6,1029,2%,"N","From 01-08-2026 To 29-08-2026",334.2,326.4,2%,"N"
WEST BENGAL,2026-08-30,9,9.5,-5%,N,20-08-2026 To 26-08-2026,41.3,72.9,-43%,D,01-06-2026 To 30-08-2026,1059.6,1038.5,2%,"N","From 01-08-2026 To 30-08-2026",343.2,335.9,2%,"N"
WEST BENGAL,2026-08-31,13.9,9.1,53%,E,20-08-2026 To 26-08-2026,41.3,72.9,-43%,D,01-06-2026 To 31-08-2026,1073.5,1047.6,2%,"N","From 01-08-2026 To 31-08-2026",357.1,345,4%,"N"
WEST BENGAL,2026-09-01,14.8,9.2,61%,LE,20-08-2026 To 26-08-2026,41.3,72.9,-43%,D,01-06-2026 To 01-09-2026,1088.3,1056.8,3%,"N","From 01-08-2026 To 31-08-2026",357.1,345,4%,"N"
WEST BENGAL,2026-09-02,21.6,10,116%,LE,27-08-2026 To 02-09-2026,85.5,69.9,22%,E,01-06-2026 To 02-09-2026,1109.9,1066.8,4%,"N","From 01-09-2026 To 02-09-2026",36.4,19.2,90%,LE
WEST BENGAL,2026-09-03,11.9,10.2,17%,N,27-08-2026 To 02-09-2026,85.5,69.9,22%,E,01-06-2026 To 03-09-2026,1121.9,1077,4%,"N","From 01-09-2026 To 03-09-2026",48.4,29.4,64%,LE
WEST BENGAL,2026-09-04,3.5,9.9,-65%,LD,27-08-2026 To 02-09-2026,85.5,69.9,22%,E,01-06-2026 To 04-09-2026,1125.3,1086.9,4%,"N","From 01-09-2026 To 04-09-2026",51.8,39.3,32%,"E"
WEST BENGAL,2026-09-05,4.1,10.9,-63%,LD,27-08-2026 To 02-09-2026,85.5,69.9,22%,E,01-06-2026 To 05-09-2026,1129.4,1097.8,3%,"N","From 01-09-2026 To 05-09-2026",55.9,50.2,11%,"N"
WEST BENGAL,2026-09-06,5.1,12.7,-60%,LD,27-08-2026 To 02-09-2026,85.5,69.9,22%,E,01-06-2026 To 06-09-2026,1134.5,1110.5,2%,"N","From 01-09-2026 To 06-09-2026",61,62.9,-3%,"N"
WEST BENGAL,2026-09-07,3.7,9.4,-60%,LD,27-08-2026 To 02-09-2026,85.5,69.9,22%,E,01-06-2026 To 07-09-2026,1138.2,1119.9,2%,"N","From 01-09-2026 To 07-09-2026",64.7,72.3,-10%,"N"
WEST BENGAL,2026-09-08,7.9,7.7,3%,N,27-08-2026 To 02-09-2026,85.5,69.9,22%,E,01-06-2026 To 08-09-2026,1146.2,1127.6,2%,"N","From 01-09-2026 To 08-09-2026",72.7,80,-9%,"N"
WEST BENGAL,2026-09-09,11.9,11.9,0%,N,03-09-2026 To 09-09-2026,48.2,72.7,-34%,D,01-06-2026 To 09-09-2026,1158.1,1139.5,2%,"N","From 01-09-2026 To 09-09-2026",84.6,91.9,-8%,"N"
WEST BENGAL,2026-09-10,8.8,10.4,-16%,N,03-09-2026 To 09-09-2026,48.2,72.7,-34%,D,01-06-2026 To 10-09-2026,1166.9,1149.9,1%,"N","From 01-09-2026 To 10-09-2026",93.4,102.3,-9%,"N"
WEST BENGAL,2026-09-11,16.2,10.4,56%,E,03-09-2026 To 09-09-2026,48.2,72.7,-34%,D,01-06-2026 To 11-09-2026,1183,1160.3,2%,"N","From 01-09-2026 To 11-09-2026",109.5,112.7,-3%,"N"
WEST BENGAL,2026-09-12,8.3,9.2,-10%,N,03-09-2026 To 09-09-2026,48.2,72.7,-34%,D,01-06-2026 To 12-09-2026,1191.3,1169.5,2%,"N","From 01-09-2026 To 12-09-2026",117.8,121.9,-3%,"N"
